code,area,date,median_salary,life_satisfaction,mean_salary,recycling_pct,population_size,number_of_jobs,area_size,no_of_houses,borough_flag
E09000001,city of london,1999-12-01,33020,,48922,0,6581,,,,1
E09000002,barking and dagenham,1999-12-01,21480,,23620,3,162444,,,,1
E09000003,barnet,1999-12-01,19568,,23128,8,313469,,,,1
E09000004,bexley,1999-12-01,18621,,21386,18,217458,,,,1
E09000005,brent,1999-12-01,18532,,20911,6,260317,,,,1
E09000006,bromley,1999-12-01,16720,,21293,13,294902,,,,1
E09000007,camden,1999-12-01,23677,,30249,13,190003,,,,1
E09000008,croydon,1999-12-01,19563,,22205,13,332066,,,,1
E09000009,ealing,1999-12-01,20580,,25046,12,302252,,,,1
E09000010,enfield,1999-12-01,19289,,21006,9,272731,,,,1
E09000011,greenwich,1999-12-01,21236,,22263,4,212168,,,,1
E09000012,hackney,1999-12-01,23249,,39629,2,199087,,,,1
E09000013,hammersmith and fulham,1999-12-01,25000,,28555,7,160634,,,,1
E09000014,haringey,1999-12-01,18783,,21683,5,218559,,,,1
E09000015,harrow,1999-12-01,20596,,22824,10,207909,,,,1
E09000016,havering,1999-12-01,17165,,18786,8,225712,,,,1
E09000017,hillingdon,1999-12-01,24002,,28854,11,245053,,,,1
E09000018,hounslow,1999-12-01,20155,,24602,14,214298,,,,1
E09000019,islington,1999-12-01,25113,,34180,2,175717,,,,1
E09000020,kensington and chelsea,1999-12-01,20646,,28074,13,147678,,,,1
E09000021,kingston upon thames,1999-12-01,19302,,22967,18,146003,,,,1
E09000022,lambeth,1999-12-01,23151,,27930,8,266817,,,,1
E09000023,lewisham,1999-12-01,20580,,23283,4,250310,,,,1
E09000024,merton,1999-12-01,18962,,21867,11,185062,,,,1
E09000025,newham,1999-12-01,18862,,20580,3,240517,,,,1
E09000026,redbridge,1999-12-01,19580,,22087,8,238138,,,,1
E09000027,richmond upon thames,1999-12-01,22321,,25832,na,172782,,,,1
E09000028,southwark,1999-12-01,22784,,26994,3,247853,,,,1
E09000029,sutton,1999-12-01,19582,,22725,27,179375,,,,1
E09000030,tower hamlets,1999-12-01,26376,,37524,3,193507,,,,1
E09000031,waltham forest,1999-12-01,18547,,19888,9,221057,,,,1
E09000032,wandsworth,1999-12-01,21321,,24707,7,264220,,,,1
E09000033,westminster,1999-12-01,24447,,36167,7,189233,,,,1
E12000001,north east,1999-12-01,16282,,18351,5,2550314,,,,0
E12000002,north west,1999-12-01,16977,,19609,7,6773115,,,,0
E12000003,yorkshire and the humber,1999-12-01,16527,,18977,7,4956325,,,,0
E12000004,east midlands,1999-12-01,16392,,18864,11,4152443,,,,0
E12000005,west midlands,1999-12-01,17000,,19686,9,5271959,,,,0
E12000006,east,1999-12-01,18000,,20866,14,5338722,,,,0
E12000007,london,1999-12-01,22487,,29640,9,7153912,,,,0
E12000008,south east,1999-12-01,18737,,22361,15,7955124,,,,0
E12000009,south west,1999-12-01,16727,,19203,14,4880958,,,,0
E13000001,inner london,1999-12-01,,,-,,2750716,,,,0
E13000002,outer london,1999-12-01,,,-,,4403196,,,,0
E92000001,england,1999-12-01,17939,,21561,10,49032872,,,,0
K02000001,united kingdom,1999-12-01,17803,,21314,,58684427,,,,0
K03000001,great britain,1999-12-01,17866,,21379,,57005421,,,,0
K04000001,england and wales,1999-12-01,17974,,21549,,51933471,,,,0
N92000002,northern ireland,1999-12-01,15798,,19093,,1679006,,,,0
S92000003,scotland,1999-12-01,16914,,19667,,5071950,,,,0
W92000004,wales,1999-12-01,16457,,18486,,2900599,,,,0
E09000001,city of london,2000-12-01,34903,,52203,0,7014,361000.0,,,1
E09000002,barking and dagenham,2000-12-01,22618,,24696,4,163893,57000.0,,,1
E09000003,barnet,2000-12-01,21761,,25755,8,315784,138000.0,,,1
E09000004,bexley,2000-12-01,19363,,22580,17,218717,76000.0,,,1
E09000005,brent,2000-12-01,22348,,23726,7,264945,122000.0,,,1
E09000006,bromley,2000-12-01,16401,,21178,13,295317,115000.0,,,1
E09000007,camden,2000-12-01,25484,,34864,16,196174,291000.0,,,1
E09000008,croydon,2000-12-01,21339,,23440,12,334241,160000.0,,,1
E09000009,ealing,2000-12-01,22512,,26615,12,304370,134000.0,,,1
E09000010,enfield,2000-12-01,22467,,25198,8,275068,113000.0,,,1
E09000011,greenwich,2000-12-01,22121,,23689,5,214438,84000.0,,,1
E09000012,hackney,2000-12-01,24083,,#,1,203381,102000.0,,,1
E09000013,hammersmith and fulham,2000-12-01,25264,,28742,8,164393,120000.0,,,1
E09000014,haringey,2000-12-01,19772,,#,5,219845,74000.0,,,1
E09000015,harrow,2000-12-01,22238,,24973,11,209114,81000.0,,,1
E09000016,havering,2000-12-01,17418,,19309,6,225141,89000.0,,,1
E09000017,hillingdon,2000-12-01,25038,,29755,13,245911,177000.0,,,1
E09000018,hounslow,2000-12-01,23230,,27632,13,214731,146000.0,,,1
E09000019,islington,2000-12-01,26598,,35135,5,177852,173000.0,,,1
E09000020,kensington and chelsea,2000-12-01,22952,,28782,8,154661,147000.0,,,1
E09000021,kingston upon thames,2000-12-01,20983,,25225,20,147328,85000.0,,,1
E09000022,lambeth,2000-12-01,24264,,28750,9,270028,140000.0,,,1
E09000023,lewisham,2000-12-01,22357,,22659,5,252106,76000.0,,,1
E09000024,merton,2000-12-01,18906,,22987,18,188196,84000.0,,,1
E09000025,newham,2000-12-01,19437,,21609,3,245463,79000.0,,,1
E09000026,redbridge,2000-12-01,20256,,22421,9,239868,83000.0,,,1
E09000027,richmond upon thames,2000-12-01,22574,,27702,15,172920,82000.0,,,1
E09000028,southwark,2000-12-01,24857,,29101,3,252726,182000.0,,,1
E09000029,sutton,2000-12-01,22019,,26891,25,180485,78000.0,,,1
E09000030,tower hamlets,2000-12-01,28445,,47253,3,197133,152000.0,,,1
E09000031,waltham forest,2000-12-01,19776,,22009,9,221296,74000.0,,,1
E09000032,wandsworth,2000-12-01,22840,,26862,7,267695,127000.0,,,1
E09000033,westminster,2000-12-01,25951,,40903,7,196478,616000.0,,,1
E12000001,north east,2000-12-01,17430,,19560,4,2543421,1069000.0,,,0
E12000002,north west,2000-12-01,17863,,20670,8,6774223,3196000.0,,,0
E12000003,yorkshire and the humber,2000-12-01,17503,,20018,7,4958609,2360000.0,,,0
E12000004,east midlands,2000-12-01,17352,,20144,13,4168076,1995000.0,,,0
E12000005,west midlands,2000-12-01,17812,,20631,9,5269626,2588000.0,,,0
E12000006,east,2000-12-01,19020,,22424,15,5374972,2621000.0,,,0
E12000007,london,2000-12-01,24204,,33000,9,7236712,4618000.0,,,0
E12000008,south east,2000-12-01,19992,,23867,16,7990598,4300000.0,,,0
E12000009,south west,2000-12-01,17847,,20482,15,4917074,2464000.0,,,0
E13000001,inner london,2000-12-01,,,-,,2804949,,,,0
E13000002,outer london,2000-12-01,,,-,,4431763,,,,0
E92000001,england,2000-12-01,19107,,23319,11,49233311,25210000.0,,,0
K02000001,united kingdom,2000-12-01,18848,,22801,,58886065,29735000.0,,,0
K03000001,great britain,2000-12-01,18915,,22908,,57203121,28973000.0,,,0
K04000001,england and wales,2000-12-01,19000,,23131,,52140181,26464000.0,,,0
N92000002,northern ireland,2000-12-01,16599,,19112,,1682944,762000.0,,,0
S92000003,scotland,2000-12-01,18029,,20678,,5062940,2509000.0,,,0
W92000004,wales,2000-12-01,17157,,19507,,2906870,1255000.0,,,0
E09000001,city of london,2001-12-01,39104,,62819,0,7359,339000.0,315,5009,1
E09000002,barking and dagenham,2001-12-01,22323,,26050,3,165654,54000.0,3780,68298,1
E09000003,barnet,2001-12-01,20916,,26068,8,319481,138000.0,8675,130515,1
E09000004,bexley,2001-12-01,20217,,23559,20,218757,75000.0,6429,91606,1
E09000005,brent,2001-12-01,21878,,24164,7,269620,116000.0,4323,101427,1
E09000006,bromley,2001-12-01,15684,,19749,14,296218,114000.0,15013,128717,1
E09000007,camden,2001-12-01,27386,,40033,12,202567,294000.0,2179,93112,1
E09000008,croydon,2001-12-01,20889,,23994,12,335112,156000.0,8650,141300,1
E09000009,ealing,2001-12-01,23862,,29516,13,307276,134000.0,5554,120331,1
E09000010,enfield,2001-12-01,24136,,27605,13,277266,111000.0,8220,112948,1
E09000011,greenwich,2001-12-01,20761,,23932,7,217460,71000.0,5044,95406,1
E09000012,hackney,2001-12-01,24095,,#,1,207246,108000.0,1905,87208,1
E09000013,hammersmith and fulham,2001-12-01,26319,,30968,8,169374,123000.0,1715,77095,1
E09000014,haringey,2001-12-01,20349,,21748,5,221251,75000.0,2960,93638,1
E09000015,harrow,2001-12-01,22960,,26650,13,210044,80000.0,5046,80734,1
E09000016,havering,2001-12-01,17940,,20002,9,224717,88000.0,11446,93792,1
E09000017,hillingdon,2001-12-01,26051,,30465,20,245616,185000.0,11570,99060,1
E09000018,hounslow,2001-12-01,22853,,28795,16,215976,150000.0,5659,85810,1
E09000019,islington,2001-12-01,28323,,44989,6,179387,168000.0,1486,83244,1
E09000020,kensington and chelsea,2001-12-01,24979,,32475,9,162199,149000.0,1238,83751,1
E09000021,kingston upon thames,2001-12-01,21427,,27219,18,149045,82000.0,3726,62474,1
E09000022,lambeth,2001-12-01,24019,,30242,8,273372,130000.0,2725,120390,1
E09000023,lewisham,2001-12-01,21990,,24850,6,254336,75000.0,3532,108964,1
E09000024,merton,2001-12-01,21014,,25615,15,191106,81000.0,3762,80789,1
E09000025,newham,2001-12-01,21054,,27763,3,249411,79000.0,3857,93390,1
E09000026,redbridge,2001-12-01,21106,,24321,10,241893,82000.0,5644,93989,1
E09000027,richmond upon thames,2001-12-01,23799,,29854,19,174311,85000.0,5876,78411,1
E09000028,southwark,2001-12-01,27114,,29423,4,256712,190000.0,2991,107119,1
E09000029,sutton,2001-12-01,22972,,25235,16,181461,77000.0,4385,77701,1
E09000030,tower hamlets,2001-12-01,31232,,55045,3,201090,167000.0,2158,80225,1
E09000031,waltham forest,2001-12-01,21245,,23023,8,222015,69000.0,3881,91992,1
E09000032,wandsworth,2001-12-01,22054,,25861,8,271742,124000.0,3522,120744,1
E09000033,westminster,2001-12-01,26829,,41566,9,203329,612000.0,2203,101213,1
E12000001,north east,2001-12-01,17844,,20103,5,2540090,1075000.0,,,0
E12000002,north west,2001-12-01,18567,,21594,9,6772985,3259000.0,,,0
E12000003,yorkshire and the humber,2001-12-01,18270,,20875,9,4976643,2400000.0,,,0
E12000004,east midlands,2001-12-01,18291,,20932,14,4189622,2011000.0,,,0
E12000005,west midlands,2001-12-01,18756,,22024,10,5280727,2609000.0,,,0
E12000006,east,2001-12-01,19978,,23615,17,5400463,2654000.0,,,0
E12000007,london,2001-12-01,25215,,35140,9,7322403,4580000.0,159471,3090402,0
E12000008,south east,2001-12-01,20907,,25259,18,8023449,4299000.0,,,0
E12000009,south west,2001-12-01,18465,,21524,17,4943364,2543000.0,,,0
E13000001,inner london,2001-12-01,,,-,,2859375,,32796,1255102,0
E13000002,outer london,2001-12-01,,,-,,4463028,,126676,1835300,0
E92000001,england,2001-12-01,19997,,24505,13,49449746,25430000.0,13303728,21206812,0
K02000001,united kingdom,2001-12-01,19722,,23925,,59113497,30056000.0,,,0
K03000001,great britain,2001-12-01,19779,,24035,,57424178,29283000.0,,,0
K04000001,england and wales,2001-12-01,19898,,24292,,52359978,26702000.0,,,0
N92000002,northern ireland,2001-12-01,17529,,20131,,1688838,773000.0,,,0
S92000003,scotland,2001-12-01,18610,,21523,,5064200,2581000.0,,,0
W92000004,wales,2001-12-01,18018,,20161,,2910232,1272000.0,,,0
E09000001,city of london,2002-12-01,39750,,56450,1,7280,344000.0,315,5117,1
E09000002,barking and dagenham,2002-12-01,24813,,26653,3,166357,52000.0,3780,68526,1
E09000003,barnet,2002-12-01,23112,,30210,13,320552,135000.0,8675,130801,1
E09000004,bexley,2002-12-01,21101,,23517,23,219123,79000.0,6429,91908,1
E09000005,brent,2002-12-01,21350,,24071,8,269871,116000.0,4323,102828,1
E09000006,bromley,2002-12-01,16635,,21513,15,296668,119000.0,15013,128974,1
E09000007,camden,2002-12-01,27432,,34486,14,203972,287000.0,2179,93884,1
E09000008,croydon,2002-12-01,22675,,25815,13,335415,149000.0,8650,141424,1
E09000009,ealing,2002-12-01,24542,,29470,15,309242,133000.0,5554,120590,1
E09000010,enfield,2002-12-01,24654,,26835,14,280745,104000.0,8220,114131,1
E09000011,greenwich,2002-12-01,21846,,23853,7,221476,73000.0,5044,95972,1
E09000012,hackney,2002-12-01,24582,,32321,3,210961,108000.0,1905,88557,1
E09000013,hammersmith and fulham,2002-12-01,28012,,37855,10,171989,119000.0,1715,77287,1
E09000014,haringey,2002-12-01,21972,,23632,5,224474,75000.0,2960,94321,1
E09000015,harrow,2002-12-01,23176,,26303,12,212336,80000.0,5046,80963,1
E09000016,havering,2002-12-01,16123,,19520,5,225054,91000.0,11446,94194,1
E09000017,hillingdon,2002-12-01,26159,,30463,28,247063,182000.0,11570,99328,1
E09000018,hounslow,2002-12-01,24399,,32582,20,216888,136000.0,5659,86521,1
E09000019,islington,2002-12-01,33497,,54080,6,180118,169000.0,1486,84255,1
E09000020,kensington and chelsea,2002-12-01,26649,,35481,9,163827,140000.0,1238,83819,1
E09000021,kingston upon thames,2002-12-01,22575,,29702,18,149642,79000.0,3726,62621,1
E09000022,lambeth,2002-12-01,24952,,31630,10,273041,137000.0,2725,121455,1
E09000023,lewisham,2002-12-01,23254,,25909,7,253662,79000.0,3532,109435,1
E09000024,merton,2002-12-01,22429,,27052,15,190561,77000.0,3762,80602,1
E09000025,newham,2002-12-01,21420,,24900,5,255282,74000.0,3857,94609,1
E09000026,redbridge,2002-12-01,22133,,24512,13,244273,83000.0,5644,94682,1
E09000027,richmond upon thames,2002-12-01,23311,,30680,23,175441,80000.0,5876,78676,1
E09000028,southwark,2002-12-01,28062,,30906,4,256269,166000.0,2991,107540,1
E09000029,sutton,2002-12-01,23311,,25965,19,181265,73000.0,4385,77734,1
E09000030,tower hamlets,2002-12-01,31168,,49998,3,207031,160000.0,2158,82185,1
E09000031,waltham forest,2002-12-01,21799,,23817,11,223776,70000.0,3881,92409,1
E09000032,wandsworth,2002-12-01,23720,,27665,10,274917,127000.0,3522,121620,1
E09000033,westminster,2002-12-01,28879,,43576,10,208100,598000.0,2203,103124,1
E12000001,north east,2002-12-01,18076,,20798,7,2540600,1101000.0,,,0
E12000002,north west,2002-12-01,19234,,22738,11,6784880,3325000.0,,,0
E12000003,yorkshire and the humber,2002-12-01,18863,,21805,11,5000111,2441000.0,,,0
E12000004,east midlands,2002-12-01,19125,,22065,15,4221753,2022000.0,,,0
E12000005,west midlands,2002-12-01,19225,,22571,13,5301243,2616000.0,,,0
E12000006,east,2002-12-01,20495,,24434,19,5432688,2699000.0,,,0
E12000007,london,2002-12-01,26467,,35739,11,7376671,4491000.0,159471,3110090,0
E12000008,south east,2002-12-01,21940,,26691,20,8045192,4363000.0,,,0
E12000009,south west,2002-12-01,19233,,22706,19,4976129,2571000.0,,,0
E13000001,inner london,2002-12-01,,,-,,2890923,,32796,1267207,0
E13000002,outer london,2002-12-01,,,-,,4485748,,126676,1842883,0
E92000001,england,2002-12-01,20706,,25542,15,49679267,25628000.0,13303728,21353516,0
K02000001,united kingdom,2002-12-01,20376,,24911,,59365677,30266000.0,,,0
K03000001,great britain,2002-12-01,20435,,25016,,57668143,29477000.0,,,0
K04000001,england and wales,2002-12-01,20562,,25301,,52602143,26906000.0,,,0
N92000002,northern ireland,2002-12-01,18325,,21225,,1697534,789000.0,,,0
S92000003,scotland,2002-12-01,19167,,22317,,5066000,2570000.0,,,0
W92000004,wales,2002-12-01,18189,,20951,,2922876,1278000.0,,,0
E09000001,city of london,2003-12-01,41795,,64272,8,7115,344000.0,315,5126,1
E09000002,barking and dagenham,2003-12-01,25358,,27792,5,166210,55000.0,3780,68837,1
E09000003,barnet,2003-12-01,23828,,30518,16,321802,138000.0,8675,131883,1
E09000004,bexley,2003-12-01,22247,,24723,21,220016,77000.0,6429,92223,1
E09000005,brent,2003-12-01,23018,,29790,10,268323,119000.0,4323,103846,1
E09000006,bromley,2003-12-01,19042,,25474,20,297253,125000.0,15013,129314,1
E09000007,camden,2003-12-01,30002,,38106,19,204254,279000.0,2179,94460,1
E09000008,croydon,2003-12-01,22838,,26920,14,335919,153000.0,8650,141819,1
E09000009,ealing,2003-12-01,24349,,30117,15,308108,137000.0,5554,120922,1
E09000010,enfield,2003-12-01,22463,,25595,16,281835,111000.0,8220,115274,1
E09000011,greenwich,2003-12-01,23600,,26002,12,224303,76000.0,5044,96746,1
E09000012,hackney,2003-12-01,25149,,31035,6,212405,98000.0,1905,90216,1
E09000013,hammersmith and fulham,2003-12-01,29831,,35226,16,171510,125000.0,1715,77609,1
E09000014,haringey,2003-12-01,22422,,24551,9,225027,78000.0,2960,95142,1
E09000015,harrow,2003-12-01,22796,,27980,16,213728,83000.0,5046,81524,1
E09000016,havering,2003-12-01,18250,,21167,8,225248,92000.0,11446,94553,1
E09000017,hillingdon,2003-12-01,26774,,30875,34,248054,182000.0,11570,99766,1
E09000018,hounslow,2003-12-01,26019,,33322,20,216498,135000.0,5659,87433,1
E09000019,islington,2003-12-01,33579,,49632,7,180899,177000.0,1486,85984,1
E09000020,kensington and chelsea,2003-12-01,26213,,35812,15,165268,133000.0,1238,83965,1
E09000021,kingston upon thames,2003-12-01,23813,,32569,19,149683,79000.0,3726,62868,1
E09000022,lambeth,2003-12-01,26034,,32702,12,272195,140000.0,2725,122013,1
E09000023,lewisham,2003-12-01,22069,,25320,8,251936,80000.0,3532,109746,1
E09000024,merton,2003-12-01,22959,,30607,15,189298,77000.0,3762,80475,1
E09000025,newham,2003-12-01,22792,,26461,2,256224,77000.0,3857,95491,1
E09000026,redbridge,2003-12-01,23407,,26086,9,247412,84000.0,5644,95500,1
E09000027,richmond upon thames,2003-12-01,25549,,29463,24,177182,84000.0,5876,78957,1
E09000028,southwark,2003-12-01,29307,,32241,7,255242,178000.0,2991,108467,1
E09000029,sutton,2003-12-01,24455,,27147,25,181267,72000.0,4385,77856,1
E09000030,tower hamlets,2003-12-01,34281,,55530,5,208651,164000.0,2158,83659,1
E09000031,waltham forest,2003-12-01,22918,,25374,12,224115,70000.0,3881,92700,1
E09000032,wandsworth,2003-12-01,24299,,29446,18,276828,127000.0,3522,122821,1
E09000033,westminster,2003-12-01,29254,,43694,11,211009,605000.0,2203,104540,1
E12000001,north east,2003-12-01,18228,,21359,12,2540461,1113000.0,,,0
E12000002,north west,2003-12-01,19916,,23261,14,6814660,3353000.0,,,0
E12000003,yorkshire and the humber,2003-12-01,19659,,22694,15,5026314,2498000.0,,,0
E12000004,east midlands,2003-12-01,19847,,22817,19,4255080,2050000.0,,,0
E12000005,west midlands,2003-12-01,19786,,23132,16,5325475,2636000.0,,,0
E12000006,east,2003-12-01,21511,,25609,23,5474133,2728000.0,,,0
E12000007,london,2003-12-01,27455,,37416,13,7394817,4554000.0,159471,3131738,0
E12000008,south east,2003-12-01,22843,,27576,23,8087924,4309000.0,,,0
E12000009,south west,2003-12-01,20000,,23715,21,5006653,2597000.0,,,0
E13000001,inner london,2003-12-01,,,-,,2898563,,32796,1279240,0
E13000002,outer london,2003-12-01,,,-,,4496254,,126676,1852498,0
E92000001,england,2003-12-01,21500,,26462,18,49925517,25838000.0,13303728,21513391,0
K02000001,united kingdom,2003-12-01,21124,,25818,,59636662,30548000.0,,,0
K03000001,great britain,2003-12-01,21200,,25939,,57931738,29747000.0,,,0
K04000001,england and wales,2003-12-01,21359,,26225,,52863238,27147000.0,,,0
N92000002,northern ireland,2003-12-01,18502,,21610,,1704924,801000.0,,,0
S92000003,scotland,2003-12-01,19799,,23080,,5068500,2600000.0,,,0
W92000004,wales,2003-12-01,19130,,21837,,2937721,1309000.0,,,0
E09000001,city of london,2004-12-01,43347,,66628,14,7118,332000.0,315,5263,1
E09000002,barking and dagenham,2004-12-01,26089,,29088,14,165610,53000.0,3780,68899,1
E09000003,barnet,2004-12-01,,,30795,20,323723,135000.0,8675,132856,1
E09000004,bexley,2004-12-01,20946,,24617,30,220917,85000.0,6429,92950,1
E09000005,brent,2004-12-01,23323,,25416,14,268335,119000.0,4323,104454,1
E09000006,bromley,2004-12-01,21192,,27617,23,297307,126000.0,15013,129809,1
E09000007,camden,2004-12-01,30510,,38595,25,207341,278000.0,2179,94841,1
E09000008,croydon,2004-12-01,24371,,28816,13,337134,153000.0,8650,142177,1
E09000009,ealing,2004-12-01,26722,,31153,15,310073,136000.0,5554,121428,1
E09000010,enfield,2004-12-01,27414,,31068,24,282217,110000.0,8220,116338,1
E09000011,greenwich,2004-12-01,25387,,27369,19,227190,77000.0,5044,98182,1
E09000012,hackney,2004-12-01,26687,,31862,12,213581,96000.0,1905,91588,1
E09000013,hammersmith and fulham,2004-12-01,29830,,37273,20,172083,128000.0,1715,78198,1
E09000014,haringey,2004-12-01,23481,,26260,14,226472,78000.0,2960,95714,1
E09000015,harrow,2004-12-01,24750,,29745,19,216267,81000.0,5046,82053,1
E09000016,havering,2004-12-01,18240,,21505,16,225769,92000.0,11446,95182,1
E09000017,hillingdon,2004-12-01,28003,,31685,27,248691,196000.0,11570,100306,1
E09000018,hounslow,2004-12-01,27457,,34015,17,219440,130000.0,5659,88608,1
E09000019,islington,2004-12-01,30410,,40812,11,180831,179000.0,1486,87263,1
E09000020,kensington and chelsea,2004-12-01,26846,,37784,18,165752,131000.0,1238,84363,1
E09000021,kingston upon thames,2004-12-01,23708,,30786,18,151055,84000.0,3726,63405,1
E09000022,lambeth,2004-12-01,27186,,37154,16,274262,142000.0,2725,122819,1
E09000023,lewisham,2004-12-01,25238,,26340,10,252455,79000.0,3532,110808,1
E09000024,merton,2004-12-01,23208,,30224,20,188908,91000.0,3762,80333,1
E09000025,newham,2004-12-01,,,29224,6,254434,81000.0,3857,96805,1
E09000026,redbridge,2004-12-01,,,27206,16,248774,85000.0,5644,96196,1
E09000027,richmond upon thames,2004-12-01,26770,,30582,24,179312,82000.0,5876,79248,1
E09000028,southwark,2004-12-01,29609,,34875,11,257257,195000.0,2991,110145,1
E09000029,sutton,2004-12-01,24514,,27747,28,181094,73000.0,4385,78054,1
E09000030,tower hamlets,2004-12-01,39128,,66095,7,211154,192000.0,2158,85341,1
E09000031,waltham forest,2004-12-01,23857,,25435,18,225002,69000.0,3881,92991,1
E09000032,wandsworth,2004-12-01,26137,,30740,17,278615,127000.0,3522,124138,1
E09000033,westminster,2004-12-01,31482,,46350,15,214557,597000.0,2203,106760,1
E12000001,north east,2004-12-01,19247,,22377,15,2540502,1117000.0,,,0
E12000002,north west,2004-12-01,20717,,24490,19,6840369,3411000.0,,,0
E12000003,yorkshire and the humber,2004-12-01,20433,,24051,19,5063199,2551000.0,,,0
E12000004,east midlands,2004-12-01,20691,,23665,26,4291476,2067000.0,,,0
E12000005,west midlands,2004-12-01,20765,,24341,20,5346376,2661000.0,,,0
E12000006,east,2004-12-01,22242,,26634,30,5508564,2707000.0,,,0
E12000007,london,2004-12-01,28750,,39489,18,7432730,4613000.0,159471,3157513,0
E12000008,south east,2004-12-01,23748,,28574,26,8133100,4308000.0,,,0
E12000009,south west,2004-12-01,20694,,24449,27,5038284,2616000.0,,,0
E13000001,inner london,2004-12-01,31339,,46107,,2915912,,32796,1294046,0
E13000002,outer london,2004-12-01,25000,,29207,,4516818,,126676,1863467,0
E92000001,england,2004-12-01,22418,,27736,23,50194600,26050000.0,13303728,21684360,0
K02000001,united kingdom,2004-12-01,22056,,27027,,59950364,30862000.0,,,0
K03000001,great britain,2004-12-01,22103,,27138,,58236322,30042000.0,,,0
K04000001,england and wales,2004-12-01,22284,,27478,,53152022,27405000.0,,,0
N92000002,northern ireland,2004-12-01,19622,,23094,,1714042,820000.0,,,0
S92000003,scotland,2004-12-01,20598,,23850,,5084300,2637000.0,,,0
W92000004,wales,2004-12-01,20085,,22751,,2957422,1355000.0,,,0
E09000001,city of london,2005-12-01,45000,,74004,18,7131,343000.0,315,5374,1
E09000002,barking and dagenham,2005-12-01,26680,,28728,17,166275,53000.0,3780,69261,1
E09000003,barnet,2005-12-01,27033,,31652,27,327541,136000.0,8675,133902,1
E09000004,bexley,2005-12-01,23936,,28162,38,222391,80000.0,6429,93220,1
E09000005,brent,2005-12-01,24209,,27371,20,270939,118000.0,4323,105093,1
E09000006,bromley,2005-12-01,24241,,29955,27,299421,125000.0,15013,130640,1
E09000007,camden,2005-12-01,31358,,39826,27,211088,292000.0,2179,95563,1
E09000008,croydon,2005-12-01,24652,,28101,16,339052,150000.0,8650,142566,1
E09000009,ealing,2005-12-01,27235,,32106,19,312774,138000.0,5554,121910,1
E09000010,enfield,2005-12-01,24594,,27568,27,284779,116000.0,8220,117056,1
E09000011,greenwich,2005-12-01,26330,,29105,22,230494,81000.0,5044,99807,1
E09000012,hackney,2005-12-01,28923,,35597,16,216512,95000.0,1905,92738,1
E09000013,hammersmith and fulham,2005-12-01,30787,,42492,21,173292,136000.0,1715,78666,1
E09000014,haringey,2005-12-01,24626,,26991,19,229271,84000.0,2960,97169,1
E09000015,harrow,2005-12-01,26162,,30339,27,221109,81000.0,5046,82704,1
E09000016,havering,2005-12-01,24296,,27736,18,226990,89000.0,11446,95727,1
E09000017,hillingdon,2005-12-01,29351,,32725,28,251430,196000.0,11570,100646,1
E09000018,hounslow,2005-12-01,29584,,35410,19,223776,139000.0,5659,89509,1
E09000019,islington,2005-12-01,30499,,37231,18,183477,192000.0,1486,87942,1
E09000020,kensington and chelsea,2005-12-01,26855,,33106,20,168375,134000.0,1238,84518,1
E09000021,kingston upon thames,2005-12-01,24937,,32985,24,152489,82000.0,3726,63918,1
E09000022,lambeth,2005-12-01,28347,,36464,22,277620,141000.0,2725,123839,1
E09000023,lewisham,2005-12-01,28022,,30443,12,254930,80000.0,3532,111594,1
E09000024,merton,2005-12-01,25991,,30422,23,190583,85000.0,3762,80271,1
E09000025,newham,2005-12-01,26331,,28450,10,253798,84000.0,3857,97378,1
E09000026,redbridge,2005-12-01,26462,,30087,17,251560,84000.0,5644,96903,1
E09000027,richmond upon thames,2005-12-01,26809,,30298,29,181508,88000.0,5876,79877,1
E09000028,southwark,2005-12-01,29534,,36022,15,261811,201000.0,2991,112162,1
E09000029,sutton,2005-12-01,25714,,29187,29,182103,72000.0,4385,78354,1
E09000030,tower hamlets,2005-12-01,39493,,71063,9,213382,198000.0,2158,88380,1
E09000031,waltham forest,2005-12-01,21931,,25800,22,226747,76000.0,3881,93618,1
E09000032,wandsworth,2005-12-01,26549,,31455,21,283229,124000.0,3522,125880,1
E09000033,westminster,2005-12-01,32519,,50430,18,223132,614000.0,2203,108200,1
E12000001,north east,2005-12-01,20263,,23557,21,2547127,1180000.0,,,0
E12000002,north west,2005-12-01,21777,,25613,24,6870021,3360000.0,,,0
E12000003,yorkshire and the humber,2005-12-01,21506,,25500,22,5108408,2567000.0,,,0
E12000004,east midlands,2005-12-01,21494,,24700,32,4329112,2133000.0,,,0
E12000005,west midlands,2005-12-01,21447,,25250,25,5380687,2691000.0,,,0
E12000006,east,2005-12-01,22883,,27860,34,5562653,2773000.0,,,0
E12000007,london,2005-12-01,29882,,41707,21,7519009,4706000.0,159471,3184386,0
E12000008,south east,2005-12-01,24229,,29276,29,8202896,4423000.0,,,0
E12000009,south west,2005-12-01,21279,,25440,31,5086121,2643000.0,,,0
E13000001,inner london,2005-12-01,32230,,48936,,2957048,,32796,1309404,0
E13000002,outer london,2005-12-01,26176,,30404,,4561961,,126676,1874982,0
E92000001,england,2005-12-01,23280,,28928,27,50606034,26478000.0,13303728,21869913,0
K02000001,united kingdom,2005-12-01,22888,,28191,,60413276,31377000.0,,,0
K03000001,great britain,2005-12-01,22970,,28327,,58685543,30539000.0,,,0
K04000001,england and wales,2005-12-01,23151,,28660,,53575343,27859000.0,,,0
N92000002,northern ireland,2005-12-01,20060,,23399,,1727733,838000.0,,,0
S92000003,scotland,2005-12-01,21312,,25107,,5110200,2680000.0,,,0
W92000004,wales,2005-12-01,20634,,23587,,2969309,1381000.0,,,0
E09000001,city of london,2006-12-01,46292,,85886,28,7254,337000.0,315,5374,1
E09000002,barking and dagenham,2006-12-01,26549,,28660,21,167157,51000.0,3780,69529,1
E09000003,barnet,2006-12-01,26071,,30923,29,330801,138000.0,8675,134941,1
E09000004,bexley,2006-12-01,24719,,28847,40,223280,73000.0,6429,93433,1
E09000005,brent,2006-12-01,25279,,29712,22,276504,110000.0,4323,106768,1
E09000006,bromley,2006-12-01,25715,,#,32,300963,126000.0,15013,131387,1
E09000007,camden,2006-12-01,32418,,40593,28,211032,280000.0,2179,96351,1
E09000008,croydon,2006-12-01,26049,,29842,20,340449,148000.0,8650,142961,1
E09000009,ealing,2006-12-01,26354,,32130,25,315329,136000.0,5554,122744,1
E09000010,enfield,2006-12-01,25088,,28912,30,287429,106000.0,8220,117614,1
E09000011,greenwich,2006-12-01,27363,,29714,24,233990,81000.0,5044,101194,1
E09000012,hackney,2006-12-01,30105,,34874,20,220193,88000.0,1905,93941,1
E09000013,hammersmith and fulham,2006-12-01,30464,,42838,24,174675,133000.0,1715,79315,1
E09000014,haringey,2006-12-01,27020,,29726,25,233174,82000.0,2960,98339,1
E09000015,harrow,2006-12-01,25575,,30342,28,223632,83000.0,5046,83363,1
E09000016,havering,2006-12-01,26394,,28459,20,228198,86000.0,11446,96191,1
E09000017,hillingdon,2006-12-01,28771,,32034,31,254387,201000.0,11570,101241,1
E09000018,hounslow,2006-12-01,26853,,34303,20,228126,132000.0,5659,90367,1
E09000019,islington,2006-12-01,33995,,50794,24,185283,181000.0,1486,88820,1
E09000020,kensington and chelsea,2006-12-01,26619,,33350,24,165245,132000.0,1238,84596,1
E09000021,kingston upon thames,2006-12-01,25640,,32566,24,153667,99000.0,3726,64249,1
E09000022,lambeth,2006-12-01,29930,,38233,23,280524,137000.0,2725,125207,1
E09000023,lewisham,2006-12-01,27021,,30142,16,257976,73000.0,3532,112632,1
E09000024,merton,2006-12-01,24883,,29305,25,192520,79000.0,3762,80541,1
E09000025,newham,2006-12-01,27162,,30873,14,257994,80000.0,3857,98274,1
E09000026,redbridge,2006-12-01,27940,,31319,19,255590,74000.0,5644,97665,1
E09000027,richmond upon thames,2006-12-01,28610,,33258,32,182520,84000.0,5876,80819,1
E09000028,southwark,2006-12-01,31575,,39075,18,267553,210000.0,2991,113731,1
E09000029,sutton,2006-12-01,25102,,28965,30,182882,71000.0,4385,78498,1
E09000030,tower hamlets,2006-12-01,38975,,62719,12,218400,203000.0,2158,91356,1
E09000031,waltham forest,2006-12-01,23074,,27449,28,230731,70000.0,3881,94381,1
E09000032,wandsworth,2006-12-01,27405,,32887,23,287538,128000.0,3522,127243,1
E09000033,westminster,2006-12-01,33474,,53229,20,222829,605000.0,2203,110181,1
E12000001,north east,2006-12-01,20613,,24178,26,2552568,1163000.0,,,0
E12000002,north west,2006-12-01,22000,,26299,29,6901585,3387000.0,,,0
E12000003,yorkshire and the humber,2006-12-01,21674,,25446,27,5134016,2527000.0,,,0
E12000004,east midlands,2006-12-01,21946,,25731,36,4366676,2132000.0,,,0
E12000005,west midlands,2006-12-01,22000,,25975,29,5415521,2694000.0,,,0
E12000006,east,2006-12-01,23517,,28497,38,5606294,2807000.0,,,0
E12000007,london,2006-12-01,30355,,43557,23,7597825,4615000.0,159471,3213239,0
E12000008,south east,2006-12-01,24798,,30365,33,8270861,4327000.0,,,0
E12000009,south west,2006-12-01,21815,,26159,37,5119840,2654000.0,,,0
E13000001,inner london,2006-12-01,33333,,51556,,2989670,,32796,1325356,0
E13000002,outer london,2006-12-01,26399,,31096,,4608155,,126676,1887882,0
E92000001,england,2006-12-01,23729,,29836,31,50965186,26307000.0,13303728,22072566,0
K02000001,united kingdom,2006-12-01,23367,,29079,,60827067,31185000.0,,,0
K03000001,great britain,2006-12-01,23444,,29225,,59083954,30339000.0,,,0
K04000001,england and wales,2006-12-01,23564,,29538,,53950854,27674000.0,,,0
N92000002,northern ireland,2006-12-01,20739,,24212,,1743113,846000.0,,,0
S92000003,scotland,2006-12-01,22373,,26121,,5133100,2665000.0,,,0
W92000004,wales,2006-12-01,20790,,24037,,2985668,1367000.0,,,0
E09000001,city of london,2007-12-01,49955,,86778,33,7607,350000.0,315,5375,1
E09000002,barking and dagenham,2007-12-01,30200,,31994,20,169031,52000.0,3780,69835,1
E09000003,barnet,2007-12-01,27436,,33007,31,334837,136000.0,8675,135429,1
E09000004,bexley,2007-12-01,26457,,30375,42,224625,74000.0,6429,93746,1
E09000005,brent,2007-12-01,25763,,28503,21,283273,111000.0,4323,107970,1
E09000006,bromley,2007-12-01,25666,,35021,34,302625,136000.0,15013,132339,1
E09000007,camden,2007-12-01,33059,,40595,27,211520,296000.0,2179,96998,1
E09000008,croydon,2007-12-01,25965,,29341,23,344029,152000.0,8650,143714,1
E09000009,ealing,2007-12-01,27490,,34374,29,318671,140000.0,5554,124111,1
E09000010,enfield,2007-12-01,26325,,28949,28,291534,108000.0,8220,118667,1
E09000011,greenwich,2007-12-01,29319,,32003,31,236535,82000.0,5044,101931,1
E09000012,hackney,2007-12-01,28996,,35390,22,224480,95000.0,1905,95391,1
E09000013,hammersmith and fulham,2007-12-01,33535,,46996,27,176472,134000.0,1715,79969,1
E09000014,haringey,2007-12-01,26281,,29032,26,236793,81000.0,2960,99827,1
E09000015,harrow,2007-12-01,26107,,31063,40,226355,83000.0,5046,84072,1
E09000016,havering,2007-12-01,26079,,29418,24,229789,82000.0,11446,97132,1
E09000017,hillingdon,2007-12-01,30290,,33992,34,256981,202000.0,11570,101525,1
E09000018,hounslow,2007-12-01,27547,,34303,22,233454,136000.0,5659,92108,1
E09000019,islington,2007-12-01,34779,,53641,26,188636,201000.0,1486,90650,1
E09000020,kensington and chelsea,2007-12-01,28355,,33248,28,162883,128000.0,1238,84630,1
E09000021,kingston upon thames,2007-12-01,27274,,33513,26,154485,86000.0,3726,64547,1
E09000022,lambeth,2007-12-01,30633,,41050,25,284964,138000.0,2725,126555,1
E09000023,lewisham,2007-12-01,27673,,29832,22,261188,75000.0,3532,113286,1
E09000024,merton,2007-12-01,26346,,30731,27,194260,78000.0,3762,80534,1
E09000025,newham,2007-12-01,27434,,32363,14,266285,80000.0,3857,98994,1
E09000026,redbridge,2007-12-01,29429,,33111,22,259965,79000.0,5644,98687,1
E09000027,richmond upon thames,2007-12-01,30881,,37366,36,182421,89000.0,5876,81105,1
E09000028,southwark,2007-12-01,32000,,39710,20,272626,222000.0,2991,116042,1
E09000029,sutton,2007-12-01,25182,,28531,32,184174,71000.0,4385,78633,1
E09000030,tower hamlets,2007-12-01,41117,,72749,13,225251,211000.0,2158,94373,1
E09000031,waltham forest,2007-12-01,25034,,27129,30,235665,67000.0,3881,95303,1
E09000032,wandsworth,2007-12-01,30513,,38209,25,291440,130000.0,3522,128946,1
E09000033,westminster,2007-12-01,35315,,52597,23,220619,623000.0,2203,111743,1
E12000001,north east,2007-12-01,21076,,24299,28,2562045,1149000.0,,,0
E12000002,north west,2007-12-01,22889,,27308,33,6929277,3412000.0,,,0
E12000003,yorkshire and the humber,2007-12-01,22307,,26101,31,5164138,2550000.0,,,0
E12000004,east midlands,2007-12-01,22222,,26269,42,4404774,2202000.0,,,0
E12000005,west midlands,2007-12-01,22543,,26563,33,5451924,2674000.0,,,0
E12000006,east,2007-12-01,24061,,29338,41,5653534,2807000.0,,,0
E12000007,london,2007-12-01,31484,,45027,25,7693473,4728000.0,159471,3244166,0
E12000008,south east,2007-12-01,25583,,31491,36,8351391,4400000.0,,,0
E12000009,south west,2007-12-01,22665,,27480,40,5170537,2685000.0,,,0
E13000001,inner london,2007-12-01,34415,,53119,,3030764,,32796,1342778,0
E13000002,outer london,2007-12-01,27478,,32073,,4662709,,126676,1901387,0
E92000001,england,2007-12-01,24480,,30802,35,51381093,26606000.0,13303728,22287502,0
K02000001,united kingdom,2007-12-01,24043,,30015,,61319075,31516000.0,,,0
K03000001,great britain,2007-12-01,24147,,30176,,59557392,30667000.0,,,0
K04000001,england and wales,2007-12-01,24255,,30481,,54387392,27965000.0,,,0
N92000002,northern ireland,2007-12-01,20934,,24704,,1761683,849000.0,,,0
S92000003,scotland,2007-12-01,23098,,27179,,5170000,2702000.0,,,0
W92000004,wales,2007-12-01,21105,,24518,,3006299,1359000.0,,,0
E09000001,city of london,2008-12-01,50503,,82973,34,7429,348000.0,315,5421,1
E09000002,barking and dagenham,2008-12-01,29396,,31795,25,172452,53000.0,3780,70551,1
E09000003,barnet,2008-12-01,27978,,34468,31,339212,140000.0,8675,136680,1
E09000004,bexley,2008-12-01,28326,,31305,51,226652,73000.0,6429,94078,1
E09000005,brent,2008-12-01,27326,,29631,28,290901,109000.0,4323,109037,1
E09000006,bromley,2008-12-01,27236,,33378,36,304968,130000.0,15013,133112,1
E09000007,camden,2008-12-01,35314,,42816,28,210273,307000.0,2179,97517,1
E09000008,croydon,2008-12-01,27482,,31842,28,349308,146000.0,8650,144896,1
E09000009,ealing,2008-12-01,29439,,35772,35,324022,131000.0,5554,125531,1
E09000010,enfield,2008-12-01,25550,,28930,27,297443,111000.0,8220,119946,1
E09000011,greenwich,2008-12-01,30766,,33637,42,239748,81000.0,5044,102257,1
E09000012,hackney,2008-12-01,31589,,39016,23,231041,96000.0,1905,97302,1
E09000013,hammersmith and fulham,2008-12-01,,,46620,28,177088,135000.0,1715,80510,1
E09000014,haringey,2008-12-01,29859,,31703,22,244459,78000.0,2960,100960,1
E09000015,harrow,2008-12-01,27627,,31746,43,229567,77000.0,5046,84535,1
E09000016,havering,2008-12-01,28800,,32386,27,231793,87000.0,11446,97551,1
E09000017,hillingdon,2008-12-01,31291,,37349,35,261051,206000.0,11570,102020,1
E09000018,hounslow,2008-12-01,29475,,39109,24,237907,137000.0,5659,94100,1
E09000019,islington,2008-12-01,36357,,58261,28,192089,205000.0,1486,92378,1
E09000020,kensington and chelsea,2008-12-01,30217,,37538,30,162579,131000.0,1238,84577,1
E09000021,kingston upon thames,2008-12-01,26583,,33180,35,156027,87000.0,3726,64812,1
E09000022,lambeth,2008-12-01,30566,,41396,26,289126,140000.0,2725,127978,1
E09000023,lewisham,2008-12-01,29403,,31399,21,266508,77000.0,3532,114370,1
E09000024,merton,2008-12-01,28363,,31929,30,195859,81000.0,3762,80683,1
E09000025,newham,2008-12-01,29467,,34686,15,276478,77000.0,3857,99915,1
E09000026,redbridge,2008-12-01,29283,,32261,26,265452,83000.0,5644,99313,1
E09000027,richmond upon thames,2008-12-01,32437,,37760,42,182927,90000.0,5876,81458,1
E09000028,southwark,2008-12-01,31227,,40353,21,276973,245000.0,2991,118189,1
E09000029,sutton,2008-12-01,26082,,29869,32,185860,80000.0,4385,79116,1
E09000030,tower hamlets,2008-12-01,41880,,70217,19,231893,220000.0,2158,97010,1
E09000031,waltham forest,2008-12-01,26609,,28814,28,242098,68000.0,3881,96281,1
E09000032,wandsworth,2008-12-01,30808,,40916,27,294305,129000.0,3522,130226,1
E09000033,westminster,2008-12-01,36048,,59836,23,218673,639000.0,2203,113413,1
E12000001,north east,2008-12-01,21931,,25601,31,2569312,1156000.0,,,0
E12000002,north west,2008-12-01,23740,,28111,37,6958547,3393000.0,,,0
E12000003,yorkshire and the humber,2008-12-01,23357,,27597,34,5198675,2550000.0,,,0
E12000004,east midlands,2008-12-01,23271,,28167,44,4441125,2152000.0,,,0
E12000005,west midlands,2008-12-01,23849,,27930,37,5496240,2666000.0,,,0
E12000006,east,2008-12-01,24949,,30364,44,5708350,2813000.0,,,0
E12000007,london,2008-12-01,32813,,47116,29,7812161,4799000.0,159471,3275723,0
E12000008,south east,2008-12-01,26778,,32978,38,8426399,4396000.0,,,0
E12000009,south west,2008-12-01,23648,,28416,42,5205044,2687000.0,,,0
E13000001,inner london,2008-12-01,35774,,55236,,3078914,,32796,1359764,0
E13000002,outer london,2008-12-01,28608,,33547,,4733247,,126676,1915958,0
E92000001,england,2008-12-01,25549,,32358,38,51815853,26611000.0,13303728,22511036,0
K02000001,united kingdom,2008-12-01,25165,,31494,,61823772,31553000.0,,,0
K03000001,great britain,2008-12-01,25277,,31683,,60044620,30689000.0,,,0
K04000001,england and wales,2008-12-01,25373,,32014,,54841720,27966000.0,,,0
N92000002,northern ireland,2008-12-01,22122,,25470,,1779152,865000.0,,,0
S92000003,scotland,2008-12-01,24105,,28393,,5202900,2723000.0,,,0
W92000004,wales,2008-12-01,21830,,25690,,3025867,1355000.0,,,0
E09000001,city of london,2009-12-01,52092,,80769,35,7472,362000.0,315,5467,1
E09000002,barking and dagenham,2009-12-01,30973,,33126,33,177580,47000.0,3780,70839,1
E09000003,barnet,2009-12-01,30496,,35013,33,345829,143000.0,8675,137769,1
E09000004,bexley,2009-12-01,28222,,31988,51,228146,73000.0,6429,94371,1
E09000005,brent,2009-12-01,27503,,31033,29,298118,110000.0,4323,110244,1
E09000006,bromley,2009-12-01,26951,,33329,40,306924,119000.0,15013,133673,1
E09000007,camden,2009-12-01,36375,,45633,30,212924,309000.0,2179,98557,1
E09000008,croydon,2009-12-01,28225,,33826,32,352763,134000.0,8650,146152,1
E09000009,ealing,2009-12-01,28234,,34873,38,329966,128000.0,5554,126381,1
E09000010,enfield,2009-12-01,27828,,31584,31,301971,107000.0,8220,120623,1
E09000011,greenwich,2009-12-01,29871,,33344,35,243672,80000.0,5044,102560,1
E09000012,hackney,2009-12-01,33107,,46556,24,236622,101000.0,1905,99689,1
E09000013,hammersmith and fulham,2009-12-01,36525,,45516,27,180116,132000.0,1715,80994,1
E09000014,haringey,2009-12-01,28515,,30817,25,249805,75000.0,2960,102294,1
E09000015,harrow,2009-12-01,27532,,31352,46,233495,77000.0,5046,85395,1
E09000016,havering,2009-12-01,28317,,30993,34,234127,80000.0,11446,98289,1
E09000017,hillingdon,2009-12-01,31584,,37424,41,265665,197000.0,11570,102901,1
E09000018,hounslow,2009-12-01,31672,,42241,33,243366,138000.0,5659,94969,1
E09000019,islington,2009-12-01,36981,,55027,29,196704,206000.0,1486,94707,1
E09000020,kensington and chelsea,2009-12-01,29901,,36101,31,161893,129000.0,1238,84553,1
E09000021,kingston upon thames,2009-12-01,27497,,33834,46,157307,84000.0,3726,64972,1
E09000022,lambeth,2009-12-01,33415,,44262,27,294050,149000.0,2725,129289,1
E09000023,lewisham,2009-12-01,30891,,32708,17,270418,75000.0,3532,115576,1
E09000024,merton,2009-12-01,27662,,30330,34,198136,79000.0,3762,81050,1
E09000025,newham,2009-12-01,31028,,34487,19,286447,80000.0,3857,100984,1
E09000026,redbridge,2009-12-01,31235,,32648,32,270435,79000.0,5644,99938,1
E09000027,richmond upon thames,2009-12-01,31733,,40992,43,184394,84000.0,5876,81853,1
E09000028,southwark,2009-12-01,34265,,41548,22,281120,236000.0,2991,119657,1
E09000029,sutton,2009-12-01,26111,,29775,38,188167,72000.0,4385,79444,1
E09000030,tower hamlets,2009-12-01,43987,,62526,26,240495,217000.0,2158,100471,1
E09000031,waltham forest,2009-12-01,27651,,29524,28,248140,69000.0,3881,97247,1
E09000032,wandsworth,2009-12-01,32373,,41202,25,299347,125000.0,3522,132060,1
E09000033,westminster,2009-12-01,36765,,55752,24,216980,640000.0,2203,115047,1
E12000001,north east,2009-12-01,22684,,26670,35,2575441,1117000.0,,,0
E12000002,north west,2009-12-01,24020,,28635,38,6986156,3352000.0,,,0
E12000003,yorkshire and the humber,2009-12-01,23891,,28129,37,5223344,2516000.0,,,0
E12000004,east midlands,2009-12-01,24357,,28737,46,4471653,2126000.0,,,0
E12000005,west midlands,2009-12-01,23958,,28347,40,5528007,2588000.0,,,0
E12000006,east,2009-12-01,25500,,30555,46,5751443,2789000.0,,,0
E12000007,london,2009-12-01,33700,,46765,32,7942594,4739000.0,159471,3308013,0
E12000008,south east,2009-12-01,27458,,33674,40,8490922,4303000.0,,,0
E12000009,south west,2009-12-01,24175,,28772,43,5226821,2717000.0,,,0
E13000001,inner london,2009-12-01,37252,,54227,,3134393,,32796,1379345,0
E13000002,outer london,2009-12-01,29085,,34297,,4808201,,126676,1928668,0
E92000001,england,2009-12-01,26133,,32680,40,52196381,26246000.0,13303728,22693802,0
K02000001,united kingdom,2009-12-01,25806,,31900,,62260486,31106000.0,,,0
K03000001,great britain,2009-12-01,25905,,32081,,60467153,30266000.0,,,0
K04000001,england and wales,2009-12-01,25998,,32363,,55235253,27591000.0,,,0
N92000002,northern ireland,2009-12-01,23023,,26493,,1793333,840000.0,,,0
S92000003,scotland,2009-12-01,24993,,29383,,5231900,2675000.0,,,0
W92000004,wales,2009-12-01,22800,,26215,,3038872,1345000.0,,,0
E09000001,city of london,2010-12-01,52271,,81938,39,7338,388000.0,315,5459,1
E09000002,barking and dagenham,2010-12-01,28527,,32996,28,182838,51000.0,3780,70946,1
E09000003,barnet,2010-12-01,30000,,34077,33,351438,141000.0,8675,138616,1
E09000004,bexley,2010-12-01,27738,,30821,51,230711,77000.0,6429,94798,1
E09000005,brent,2010-12-01,25997,,29353,33,304785,114000.0,4323,111414,1
E09000006,bromley,2010-12-01,27712,,32841,44,308560,120000.0,15013,134298,1
E09000007,camden,2010-12-01,36527,,45461,32,214725,307000.0,2179,99139,1
E09000008,croydon,2010-12-01,28586,,33117,34,357951,138000.0,8650,147249,1
E09000009,ealing,2010-12-01,28732,,33845,40,334073,128000.0,5554,126901,1
E09000010,enfield,2010-12-01,26967,,32009,32,307648,112000.0,8220,121243,1
E09000011,greenwich,2010-12-01,31821,,34526,37,249171,82000.0,5044,102651,1
E09000012,hackney,2010-12-01,35149,,44663,25,241739,101000.0,1905,101657,1
E09000013,hammersmith and fulham,2010-12-01,35033,,42271,28,180842,139000.0,1715,81902,1
E09000014,haringey,2010-12-01,29597,,32517,28,252742,72000.0,2960,103430,1
E09000015,harrow,2010-12-01,27921,,32746,50,237451,78000.0,5046,85994,1
E09000016,havering,2010-12-01,28235,,32068,31,236234,82000.0,11446,98805,1
E09000017,hillingdon,2010-12-01,31586,,38406,43,269465,192000.0,11570,103508,1
E09000018,hounslow,2010-12-01,31307,,41634,35,249236,143000.0,5659,95893,1
E09000019,islington,2010-12-01,34551,,49859,30,200129,197000.0,1486,96301,1
E09000020,kensington and chelsea,2010-12-01,30196,,36450,32,160463,129000.0,1238,84756,1
E09000021,kingston upon thames,2010-12-01,28240,,33688,47,158648,85000.0,3726,65086,1
E09000022,lambeth,2010-12-01,33821,,43030,28,297650,151000.0,2725,130655,1
E09000023,lewisham,2010-12-01,30806,,32007,18,272525,73000.0,3532,116640,1
E09000024,merton,2010-12-01,27441,,31666,36,199136,78000.0,3762,80971,1
E09000025,newham,2010-12-01,32578,,39102,15,299171,80000.0,3857,102444,1
E09000026,redbridge,2010-12-01,30086,,32421,28,275088,78000.0,5644,100889,1
E09000027,richmond upon thames,2010-12-01,32249,,39837,43,186304,85000.0,5876,82116,1
E09000028,southwark,2010-12-01,35050,,41481,25,283777,228000.0,2991,121412,1
E09000029,sutton,2010-12-01,26288,,30375,38,189321,73000.0,4385,79508,1
E09000030,tower hamlets,2010-12-01,44443,,69029,25,248520,223000.0,2158,103509,1
E09000031,waltham forest,2010-12-01,27755,,30773,27,254009,66000.0,3881,97624,1
E09000032,wandsworth,2010-12-01,31818,,39318,27,302620,118000.0,3522,133885,1
E09000033,westminster,2010-12-01,37836,,56080,25,217187,644000.0,2203,116644,1
E12000001,north east,2010-12-01,23124,,27405,36,2586868,1114000.0,,,0
E12000002,north west,2010-12-01,24127,,28919,40,7019921,3326000.0,,,0
E12000003,yorkshire and the humber,2010-12-01,23856,,28230,40,5254788,2497000.0,,,0
E12000004,east midlands,2010-12-01,24118,,28684,46,4507071,2139000.0,,,0
E12000005,west midlands,2010-12-01,23831,,28477,42,5565866,2600000.0,,,0
E12000006,east,2010-12-01,25379,,31299,49,5807402,2770000.0,,,0
E12000007,london,2010-12-01,33990,,46945,32,8061495,4772000.0,159471,3336343,0
E12000008,south east,2010-12-01,27503,,33842,41,8577771,4372000.0,,,0
E12000009,south west,2010-12-01,24098,,28850,47,5261270,2706000.0,,,0
E13000001,inner london,2010-12-01,37463,,54573,,3179428,,32796,1397832,0
E13000002,outer london,2010-12-01,29182,,34275,,4882067,,126676,1938511,0
E92000001,england,2010-12-01,26265,,33014,41,52642452,26295000.0,13303728,22838672,0
K02000001,united kingdom,2010-12-01,25882,,32204,,62759456,31093000.0,,,0
K03000001,great britain,2010-12-01,26000,,32393,,60954623,30235000.0,,,0
K04000001,england and wales,2010-12-01,26076,,32683,,55692423,27632000.0,,,0
N92000002,northern ireland,2010-12-01,22394,,26207,,1804833,858000.0,,,0
S92000003,scotland,2010-12-01,25205,,29616,,5262200,2603000.0,,,0
W92000004,wales,2010-12-01,23178,,26504,,3049971,1337000.0,,,0
E09000001,city of london,2011-12-01,54381,nan,90842,37,7412,436000.0,315,5513,1
E09000002,barking and dagenham,2011-12-01,28201,7.05,33568,30,187029,54000.0,3780,71079,1
E09000003,barnet,2011-12-01,30237,7.43,33062,34,357538,147000.0,8675,139346,1
E09000004,bexley,2011-12-01,28638,7.42,31812,54,232774,78000.0,6429,95037,1
E09000005,brent,2011-12-01,26772,7.11,29609,37,312245,115000.0,4323,112083,1
E09000006,bromley,2011-12-01,28163,7.5,32863,50,310554,119000.0,15013,135036,1
E09000007,camden,2011-12-01,35967,7.25,45588,33,220087,331000.0,2179,99828,1
E09000008,croydon,2011-12-01,28979,7.04,33050,38,364815,136000.0,8650,148099,1
E09000009,ealing,2011-12-01,28646,7.22,34725,41,339314,148000.0,5554,127187,1
E09000010,enfield,2011-12-01,26412,7.23,31797,35,313935,110000.0,8220,122042,1
E09000011,greenwich,2011-12-01,29932,7.18,32581,39,255483,81000.0,5044,103186,1
E09000012,hackney,2011-12-01,33512,7,42089,24,247182,113000.0,1905,102408,1
E09000013,hammersmith and fulham,2011-12-01,36143,7.38,42531,30,182445,140000.0,1715,82390,1
E09000014,haringey,2011-12-01,28032,7.11,30446,26,255540,74000.0,2960,104173,1
E09000015,harrow,2011-12-01,27540,7.31,32342,48,240499,76000.0,5046,86524,1
E09000016,havering,2011-12-01,28415,7.35,31947,36,237927,82000.0,11446,99184,1
E09000017,hillingdon,2011-12-01,33589,7.4,39436,43,275499,202000.0,11570,103907,1
E09000018,hounslow,2011-12-01,32759,7.26,41142,35,254927,150000.0,5659,96892,1
E09000019,islington,2011-12-01,35996,7.09,60068,32,206285,201000.0,1486,96872,1
E09000020,kensington and chelsea,2011-12-01,31491,7.57,38220,34,158251,137000.0,1238,84798,1
E09000021,kingston upon thames,2011-12-01,28997,7.33,34459,47,160436,80000.0,3726,65198,1
E09000022,lambeth,2011-12-01,34836,7.13,43657,28,304481,150000.0,2725,132213,1
E09000023,lewisham,2011-12-01,29567,7.05,30506,17,276938,75000.0,3532,117651,1
E09000024,merton,2011-12-01,28066,7.14,32415,37,200543,86000.0,3762,80919,1
E09000025,newham,2011-12-01,29998,7.12,36870,23,310460,89000.0,3857,103212,1
E09000026,redbridge,2011-12-01,29829,7.33,31948,33,281395,77000.0,5644,101348,1
E09000027,richmond upon thames,2011-12-01,32197,7.52,37122,45,187527,95000.0,5876,82482,1
E09000028,southwark,2011-12-01,36124,7.36,48938,27,288717,247000.0,2991,123265,1
E09000029,sutton,2011-12-01,26743,7.39,29656,37,191123,78000.0,4385,79696,1
E09000030,tower hamlets,2011-12-01,45970,7.02,86593,27,256012,251000.0,2158,105379,1
E09000031,waltham forest,2011-12-01,28005,7.18,31926,27,259742,71000.0,3881,98279,1
E09000032,wandsworth,2011-12-01,32033,7.46,38695,28,307710,125000.0,3522,134619,1
E09000033,westminster,2011-12-01,37406,7.33,54049,25,219582,674000.0,2203,118318,1
E12000001,north east,2011-12-01,23250,7.44,27712,38,2596441,1130000.0,,,0
E12000002,north west,2011-12-01,24167,7.37,28634,43,7055961,3380000.0,,,0
E12000003,yorkshire and the humber,2011-12-01,24119,7.39,28172,42,5288212,2513000.0,,,0
E12000004,east midlands,2011-12-01,24002,7.47,28558,47,4537448,2198000.0,,,0
E12000005,west midlands,2011-12-01,24291,7.28,28539,43,5608667,2635000.0,,,0
E12000006,east,2011-12-01,25953,,30693,50,5862418,2829000.0,,,0
E12000007,london,2011-12-01,34396,7.25,49831,34,8204407,5028000.0,159471,3358163,0
E12000008,south east,2011-12-01,27881,7.51,33871,43,8652784,4442000.0,,,0
E12000009,south west,2011-12-01,24306,7.53,28872,47,5300831,2718000.0,,,0
E13000001,inner london,2011-12-01,37851,,58760,,3241102,,32796,1410639,0
E13000002,outer london,2011-12-01,29399,,34251,,4963305,,126676,1947524,0
E92000001,england,2011-12-01,26488,7.41,33514,43,53107169,26874000.0,13303728,22976066,0
K02000001,united kingdom,2011-12-01,26095,,32691,,63285145,31743000.0,,,0
K03000001,great britain,2011-12-01,26206,,32865,,61470827,30897000.0,,,0
K04000001,england and wales,2011-12-01,26290,,33162,,56170927,28234000.0,,,0
N92000002,northern ireland,2011-12-01,23034,7.53,27105,,1814318,846000.0,,,0
S92000003,scotland,2011-12-01,25291,7.51,29985,,5299900,2663000.0,,,0
W92000004,wales,2011-12-01,23397,7.4,26687,,3063758,1361000.0,,,0
E09000001,city of london,2012-12-01,54000,nan,86987,36,7604,449000.0,315,5531,1
E09000002,barking and dagenham,2012-12-01,33131,7.09,37059,27,190560,55000.0,3780,71431,1
E09000003,barnet,2012-12-01,29594,7.28,33044,33,363956,154000.0,8675,141461,1
E09000004,bexley,2012-12-01,27440,7.42,30833,54,234271,78000.0,6429,95240,1
E09000005,brent,2012-12-01,27577,7.28,32089,43,314660,123000.0,4323,112643,1
E09000006,bromley,2012-12-01,28082,7.6,33859,49,314036,122000.0,15013,135612,1
E09000007,camden,2012-12-01,36962,7.24,44832,31,224962,344000.0,2179,100196,1
E09000008,croydon,2012-12-01,28974,7.01,33831,44,368886,141000.0,8650,148806,1
E09000009,ealing,2012-12-01,31104,7.22,35024,41,340671,148000.0,5554,127872,1
E09000010,enfield,2012-12-01,27123,7.24,31749,39,317287,117000.0,8220,122339,1
E09000011,greenwich,2012-12-01,30097,7.15,32764,40,260068,82000.0,5044,104509,1
E09000012,hackney,2012-12-01,34803,7.07,41030,24,252119,112000.0,1905,103565,1
E09000013,hammersmith and fulham,2012-12-01,35136,7.21,44065,23,179850,147000.0,1715,82861,1
E09000014,haringey,2012-12-01,29116,7.17,31874,32,258912,80000.0,2960,105456,1
E09000015,harrow,2012-12-01,26738,7.37,31817,45,242377,79000.0,5046,86994,1
E09000016,havering,2012-12-01,28326,7.36,31759,35,239733,84000.0,11446,99226,1
E09000017,hillingdon,2012-12-01,33822,7.37,39849,43,281756,213000.0,11570,104896,1
E09000018,hounslow,2012-12-01,31821,7.35,41688,35,259052,160000.0,5659,97472,1
E09000019,islington,2012-12-01,36653,7.14,58131,31,211047,206000.0,1486,98096,1
E09000020,kensington and chelsea,2012-12-01,30726,7.7,37192,26,155930,144000.0,1238,84900,1
E09000021,kingston upon thames,2012-12-01,29067,7.17,36381,46,163906,81000.0,3726,65422,1
E09000022,lambeth,2012-12-01,35280,7.08,44271,23,310200,152000.0,2725,133063,1
E09000023,lewisham,2012-12-01,29995,7.23,30823,20,281556,78000.0,3532,118839,1
E09000024,merton,2012-12-01,28613,7.18,32742,39,202225,89000.0,3762,81429,1
E09000025,newham,2012-12-01,30540,7.23,35465,21,314084,97000.0,3857,104121,1
E09000026,redbridge,2012-12-01,28100,7.3,30371,29,284617,88000.0,5644,101874,1
E09000027,richmond upon thames,2012-12-01,31505,7.4,36411,46,189145,92000.0,5876,82691,1
E09000028,southwark,2012-12-01,36056,7.21,47611,30,293530,270000.0,2991,124319,1
E09000029,sutton,2012-12-01,25247,7.28,29407,37,193630,79000.0,4385,80283,1
E09000030,tower hamlets,2012-12-01,44880,7.32,64782,28,263003,253000.0,2158,108254,1
E09000031,waltham forest,2012-12-01,27235,7.24,30738,31,262566,77000.0,3881,98783,1
E09000032,wandsworth,2012-12-01,31262,7.26,35295,24,308312,136000.0,3522,135601,1
E09000033,westminster,2012-12-01,37649,7,55529,22,223858,698000.0,2203,119245,1
E12000001,north east,2012-12-01,23781,7.39,27977,37,2602310,1122000.0,,,0
E12000002,north west,2012-12-01,24603,7.41,28989,44,7084337,3398000.0,,,0
E12000003,yorkshire and the humber,2012-12-01,24288,7.46,28321,43,5316691,2479000.0,,,0
E12000004,east midlands,2012-12-01,24626,7.5,29039,47,4567731,2191000.0,,,0
E12000005,west midlands,2012-12-01,24573,7.43,28939,44,5642569,2659000.0,,,0
E12000006,east,2012-12-01,26145,,30899,49,5907348,2869000.0,,,0
E12000007,london,2012-12-01,34883,7.25,48367,34,8308369,5229000.0,159471,3383029,0
E12000008,south east,2012-12-01,28175,7.54,34416,43,8724737,4477000.0,,,0
E12000009,south west,2012-12-01,24581,7.55,29058,47,5339637,2692000.0,,,0
E13000001,inner london,2012-12-01,38225,,55931,,3284967,,32796,1424047,0
E13000002,outer london,2012-12-01,29382,,34595,,5023402,,126676,1958983,0
E92000001,england,2012-12-01,26822,7.44,33529,43,53493729,27117000.0,13303728,23110962,0
K02000001,united kingdom,2012-12-01,26472,,32814,,63705030,31957000.0,,,0
K03000001,great britain,2012-12-01,26540,,32974,,61881396,31132000.0,,,0
K04000001,england and wales,2012-12-01,26633,,33195,,56567796,28488000.0,,,0
N92000002,northern ireland,2012-12-01,23944,7.7,27784,,1823634,825000.0,,,0
S92000003,scotland,2012-12-01,25780,7.53,30792,,5313600,2643000.0,,,0
W92000004,wales,2012-12-01,23617,7.44,26950,,3074067,1371000.0,,,0
E09000001,city of london,2013-12-01,54202,nan,83403,39,7648,463000.0,315,5566,1
E09000002,barking and dagenham,2013-12-01,32248,7.01,37214,25,194352,54000.0,3780,71937,1
E09000003,barnet,2013-12-01,29353,7.4,33766,36,369088,159000.0,8675,142835,1
E09000004,bexley,2013-12-01,28512,7.28,32463,55,236687,80000.0,6429,95658,1
E09000005,brent,2013-12-01,28034,7.41,34480,41,317264,125000.0,4323,113305,1
E09000006,bromley,2013-12-01,28126,7.53,34133,50,317899,129000.0,15013,136304,1
E09000007,camden,2013-12-01,36336,7.11,45539,29,229719,355000.0,2179,100760,1
E09000008,croydon,2013-12-01,30939,7.36,35213,42,372752,130000.0,8650,149697,1
E09000009,ealing,2013-12-01,29733,7.24,33210,40,342494,152000.0,5554,128862,1
E09000010,enfield,2013-12-01,25805,7.28,30011,39,320524,118000.0,8220,122888,1
E09000011,greenwich,2013-12-01,29251,7.15,33060,39,264008,86000.0,5044,104623,1
E09000012,hackney,2013-12-01,33097,7.05,39044,25,257379,111000.0,1905,104365,1
E09000013,hammersmith and fulham,2013-12-01,34554,7.4,42349,21,178685,141000.0,1715,83281,1
E09000014,haringey,2013-12-01,29609,7.28,32408,36,263386,84000.0,2960,106033,1
E09000015,harrow,2013-12-01,25784,7.51,31504,49,243373,78000.0,5046,87709,1
E09000016,havering,2013-12-01,29858,7.51,32758,32,242080,91000.0,11446,99463,1
E09000017,hillingdon,2013-12-01,35738,7.5,40911,43,286808,213000.0,11570,106363,1
E09000018,hounslow,2013-12-01,31173,7.33,38522,35,262407,167000.0,5659,97704,1
E09000019,islington,2013-12-01,37325,7.35,56967,33,215671,220000.0,1486,99015,1
E09000020,kensington and chelsea,2013-12-01,31307,7.67,37906,25,155594,141000.0,1238,84957,1
E09000021,kingston upon thames,2013-12-01,29450,7.43,35167,46,166793,80000.0,3726,65625,1
E09000022,lambeth,2013-12-01,35397,7.01,43350,21,314242,168000.0,2725,133598,1
E09000023,lewisham,2013-12-01,30478,7.34,30909,18,286180,82000.0,3532,120637,1
E09000024,merton,2013-12-01,28610,7.43,31960,39,203223,96000.0,3762,81842,1
E09000025,newham,2013-12-01,29334,7.24,32807,18,318227,104000.0,3857,104791,1
E09000026,redbridge,2013-12-01,31215,7.47,33442,29,288272,84000.0,5644,102138,1
E09000027,richmond upon thames,2013-12-01,31997,7.6,36611,43,191365,95000.0,5876,83176,1
E09000028,southwark,2013-12-01,36198,7.58,43807,34,298465,256000.0,2991,125566,1
E09000029,sutton,2013-12-01,30061,7.49,33223,37,195914,77000.0,4385,80510,1
E09000030,tower hamlets,2013-12-01,46441,7.5,73376,28,272890,269000.0,2158,109215,1
E09000031,waltham forest,2013-12-01,,7.34,31143,33,265797,81000.0,3881,99251,1
E09000032,wandsworth,2013-12-01,31491,7.43,36917,20,310516,134000.0,3522,136558,1
E09000033,westminster,2013-12-01,36946,7.53,51094,21,226841,717000.0,2203,119837,1
E12000001,north east,2013-12-01,24113,7.47,28460,38,2610481,1132000.0,,,0
E12000002,north west,2013-12-01,25111,7.42,29569,46,7103261,3464000.0,,,0
E12000003,yorkshire and the humber,2013-12-01,24933,7.51,28997,44,5337711,2523000.0,,,0
E12000004,east midlands,2013-12-01,24918,7.55,29415,46,4598431,2186000.0,,,0
E12000005,west midlands,2013-12-01,25328,7.49,30162,42,5674712,2700000.0,,,0
E12000006,east,2013-12-01,26514,,31310,49,5954316,2888000.0,,,0
E12000007,london,2013-12-01,35173,7.36,47962,34,8416543,5341000.0,159471,3404068,0
E12000008,south east,2013-12-01,28315,7.6,34214,44,8792766,4565000.0,,,0
E12000009,south west,2013-12-01,25242,7.56,30016,47,5377596,2745000.0,,,0
E13000001,inner london,2013-12-01,38274,,55061,,3335443,,32796,1434179,0
E13000002,outer london,2013-12-01,30148,,34950,,5081100,,126676,1969890,0
E92000001,england,2013-12-01,27372,7.5,33967,43,53865817,27545000.0,13303728,23235684,0
K02000001,united kingdom,2013-12-01,27011,,33283,,64105654,32408000.0,,,0
K03000001,great britain,2013-12-01,27105,,33442,,62275929,31574000.0,,,0
K04000001,england and wales,2013-12-01,27169,,33639,,56948229,28940000.0,,,0
N92000002,northern ireland,2013-12-01,23952,7.73,27839,,1829725,834000.0,,,0
S92000003,scotland,2013-12-01,26489,7.58,31486,,5327700,2634000.0,,,0
W92000004,wales,2013-12-01,24103,7.52,27518,,3082412,1395000.0,,,0
E09000001,city of london,2014-12-01,54710,nan,82808,34,8072,498000.0,315,6003,1
E09000002,barking and dagenham,2014-12-01,32698,7.32,36323,23,198294,59000.0,3780,72668,1
E09000003,barnet,2014-12-01,31162,7.54,34936,38,374915,165000.0,8675,143948,1
E09000004,bexley,2014-12-01,28505,7.52,31878,54,239865,80000.0,6429,96186,1
E09000005,brent,2014-12-01,29514,7.24,33484,35,320762,131000.0,4323,114039,1
E09000006,bromley,2014-12-01,27926,7.71,33458,48,321278,127000.0,15013,136453,1
E09000007,camden,2014-12-01,36748,7.25,44629,26,234846,379000.0,2179,101214,1
E09000008,croydon,2014-12-01,31154,7.35,34769,40,376040,142000.0,8650,150992,1
E09000009,ealing,2014-12-01,28825,7.6,32716,40,342118,159000.0,5554,129631,1
E09000010,enfield,2014-12-01,25805,7.45,29804,39,324574,127000.0,8220,123400,1
E09000011,greenwich,2014-12-01,28954,7.33,31690,34,268678,95000.0,5044,105735,1
E09000012,hackney,2014-12-01,33116,7.43,40241,25,263150,131000.0,1905,105490,1
E09000013,hammersmith and fulham,2014-12-01,33688,7.56,38677,21,178365,148000.0,1715,83907,1
E09000014,haringey,2014-12-01,30325,7.38,33616,37,267541,90000.0,2960,106507,1
E09000015,harrow,2014-12-01,26037,7.49,29957,45,246011,89000.0,5046,88004,1
E09000016,havering,2014-12-01,30003,7.62,33536,32,245974,90000.0,11446,99619,1
E09000017,hillingdon,2014-12-01,33984,7.63,42606,44,292690,220000.0,11570,106917,1
E09000018,hounslow,2014-12-01,33038,7.57,41473,35,265568,164000.0,5659,98390,1
E09000019,islington,2014-12-01,36751,7.36,59007,33,221030,231000.0,1486,100258,1
E09000020,kensington and chelsea,2014-12-01,30002,7.65,36844,25,156190,141000.0,1238,85553,1
E09000021,kingston upon thames,2014-12-01,30768,7.52,35833,46,169958,82000.0,3726,65886,1
E09000022,lambeth,2014-12-01,34491,7.41,44566,28,318216,180000.0,2725,134852,1
E09000023,lewisham,2014-12-01,29983,7.33,32256,17,291933,88000.0,3532,121350,1
E09000024,merton,2014-12-01,27539,7.64,31917,38,203515,97000.0,3762,82282,1
E09000025,newham,2014-12-01,29061,7.54,33619,17,324322,112000.0,3857,106760,1
E09000026,redbridge,2014-12-01,31127,7.55,33732,29,293055,89000.0,5644,102396,1
E09000027,richmond upon thames,2014-12-01,31533,7.54,36975,41,193585,95000.0,5876,83540,1
E09000028,southwark,2014-12-01,34612,7.43,40893,35,302538,282000.0,2991,127217,1
E09000029,sutton,2014-12-01,25797,7.6,30752,38,198134,78000.0,4385,80810,1
E09000030,tower hamlets,2014-12-01,48309,7.54,74087,28,284015,278000.0,2158,109875,1
E09000031,waltham forest,2014-12-01,26484,7.64,28426,36,268020,84000.0,3881,99640,1
E09000032,wandsworth,2014-12-01,31085,7.47,35182,21,312145,134000.0,3522,137757,1
E09000033,westminster,2014-12-01,37260,7.45,51099,19,233292,737000.0,2203,120367,1
E12000001,north east,2014-12-01,24904,7.57,28957,38,2618710,1162000.0,,,0
E12000002,north west,2014-12-01,25262,7.56,29901,47,7132991,3523000.0,,,0
E12000003,yorkshire and the humber,2014-12-01,24999,7.55,28957,44,5360027,2585000.0,,,0
E12000004,east midlands,2014-12-01,25000,7.64,29346,45,4637413,2232000.0,,,0
E12000005,west midlands,2014-12-01,24963,7.57,29550,42,5713284,2742000.0,,,0
E12000006,east,2014-12-01,26817,,32035,49,6018383,2979000.0,,,0
E12000007,london,2014-12-01,35034,7.49,48263,33,8538689,5603000.0,159471,3427645,0
E12000008,south east,2014-12-01,28607,7.73,34646,45,8873818,4651000.0,,,0
E12000009,south west,2014-12-01,25585,7.66,30163,48,5423303,2849000.0,,,0
E13000001,inner london,2014-12-01,38229,,55238,,3395655,,32796,1447110,0
E13000002,outer london,2014-12-01,30000,,35118,,5143034,,126676,1980536,0
E92000001,england,2014-12-01,27485,7.6,34214,44,54316618,28327000.0,13303728,23372289,0
K02000001,united kingdom,2014-12-01,27215,,33516,,64596752,33305000.0,,,0
K03000001,great britain,2014-12-01,27297,,33662,,62756254,32456000.0,,,0
K04000001,england and wales,2014-12-01,27321,,33881,,57408654,29723000.0,,,0
N92000002,northern ireland,2014-12-01,24491,7.89,28263,,1840498,848000.0,,,0
S92000003,scotland,2014-12-01,27038,7.66,31484,,5347600,2733000.0,,,0
W92000004,wales,2014-12-01,24453,7.56,27759,,3092036,1396000.0,,,0
E09000001,city of london,2015-12-01,54034,nan,77754,31,8760,541000.0,315,6229,1
E09000002,barking and dagenham,2015-12-01,33018,7.45,36705,19,201979,62000.0,3780,73182,1
E09000003,barnet,2015-12-01,30900,7.53,34730,37,379691,168000.0,8675,145272,1
E09000004,bexley,2015-12-01,29664,7.41,33367,52,242142,86000.0,6429,96996,1
E09000005,brent,2015-12-01,29987,7.55,34281,36,324012,136000.0,4323,115598,1
E09000006,bromley,2015-12-01,30444,7.54,35238,46,324857,124000.0,15013,136864,1
E09000007,camden,2015-12-01,36970,7.35,45489,25,241059,383000.0,2179,101653,1
E09000008,croydon,2015-12-01,30628,7.45,34199,38,379031,144000.0,8650,152515,1
E09000009,ealing,2015-12-01,28657,7.65,31980,43,343059,163000.0,5554,130528,1
E09000010,enfield,2015-12-01,26230,7.3,31041,36,328433,133000.0,8220,123799,1
E09000011,greenwich,2015-12-01,30497,7.23,33856,35,274803,96000.0,5044,106883,1
E09000012,hackney,2015-12-01,31566,7.31,38327,25,269009,136000.0,1905,106748,1
E09000013,hammersmith and fulham,2015-12-01,34652,7.68,38176,22,179410,154000.0,1715,85267,1
E09000014,haringey,2015-12-01,30072,7.26,33919,36,272864,93000.0,2960,106640,1
E09000015,harrow,2015-12-01,26770,7.65,31404,41,247130,88000.0,5046,88414,1
E09000016,havering,2015-12-01,30591,7.69,33850,32,249085,93000.0,11446,100261,1
E09000017,hillingdon,2015-12-01,32681,7.46,40529,44,297735,202000.0,11570,107462,1
E09000018,hounslow,2015-12-01,33717,7.54,43037,34,268770,187000.0,5659,98787,1
E09000019,islington,2015-12-01,36679,7.29,49576,29,227692,250000.0,1486,100756,1
E09000020,kensington and chelsea,2015-12-01,31524,7.78,38848,26,157711,150000.0,1238,86537,1
E09000021,kingston upon thames,2015-12-01,28635,7.71,31728,46,173525,95000.0,3726,66412,1
E09000022,lambeth,2015-12-01,34852,7.41,45180,29,324431,185000.0,2725,136263,1
E09000023,lewisham,2015-12-01,30932,7.14,32602,18,297325,83000.0,3532,122818,1
E09000024,merton,2015-12-01,30040,7.56,32907,35,204565,98000.0,3762,82707,1
E09000025,newham,2015-12-01,28886,7.73,33127,15,332817,114000.0,3857,108810,1
E09000026,redbridge,2015-12-01,29098,7.87,33182,28,296793,92000.0,5644,102653,1
E09000027,richmond upon thames,2015-12-01,32660,7.74,38060,41,194730,102000.0,5876,83781,1
E09000028,southwark,2015-12-01,36238,7.49,42316,35,308901,289000.0,2991,128358,1
E09000029,sutton,2015-12-01,27355,7.45,32427,35,200145,80000.0,4385,81237,1
E09000030,tower hamlets,2015-12-01,46681,7.48,67320,27,295236,298000.0,2158,110791,1
E09000031,waltham forest,2015-12-01,29352,7.55,30911,35,271170,86000.0,3881,100311,1
E09000032,wandsworth,2015-12-01,31968,7.53,37251,21,314544,144000.0,3522,138841,1
E09000033,westminster,2015-12-01,39392,7.6,53316,17,242299,756000.0,2203,121116,1
E12000001,north east,2015-12-01,25347,7.62,29989,38,2624621,1196000.0,,,0
E12000002,north west,2015-12-01,25667,7.55,30351,47,7173835,3603000.0,,,0
E12000003,yorkshire and the humber,2015-12-01,25194,7.65,29371,44,5390576,2694000.0,,,0
E12000004,east midlands,2015-12-01,25003,7.74,29407,45,4677038,2304000.0,,,0
E12000005,west midlands,2015-12-01,25682,7.62,30179,42,5751000,2818000.0,,,0
E12000006,east,2015-12-01,27300,,32484,49,6076451,3053000.0,,,0
E12000007,london,2015-12-01,35303,7.5,46946,33,8673713,5810000.0,159471,3454488,0
E12000008,south east,2015-12-01,29031,7.74,35151,45,8947913,4836000.0,,,0
E12000009,south west,2015-12-01,25950,7.73,30591,48,5471180,2904000.0,,,0
E13000001,inner london,2015-12-01,38803,,53152,,3472058,,32796,1460827,0
E13000002,outer london,2015-12-01,30382,,35206,,5201655,,126676,1993662,0
E92000001,england,2015-12-01,27841,7.64,34231,43,54786327,29219000.0,13303728,23542982,0
K02000001,united kingdom,2015-12-01,27615,,33644,,65110034,34270000.0,,,0
K03000001,great britain,2015-12-01,27682,,33777,,63258413,33409000.0,,,0
K04000001,england and wales,2015-12-01,27680,,33933,,57885413,30651000.0,,,0
N92000002,northern ireland,2015-12-01,25719,7.85,29376,,1851621,861000.0,,,0
S92000003,scotland,2015-12-01,27687,7.68,32217,,5373000,2758000.0,,,0
W92000004,wales,2015-12-01,24869,7.63,28359,,3099086,1433000.0,,,0
E09000001,city of london,2016-12-01,55487,nan,79489,29,9401,586000.0,315,6306,1
E09000002,barking and dagenham,2016-12-01,30994,7.5,37959,25,206460,63000.0,3780,73914,1
E09000003,barnet,2016-12-01,32623,7.47,35315,37,386083,169000.0,8675,146730,1
E09000004,bexley,2016-12-01,,7.46,32666,53,244760,86000.0,6429,96864,1
E09000005,brent,2016-12-01,30699,7.67,36579,36,328254,148000.0,4323,116649,1
E09000006,bromley,2016-12-01,30861,7.6,35338,47,326889,134000.0,15013,137564,1
E09000007,camden,2016-12-01,37817,7.56,45644,27,246181,394000.0,2179,102618,1
E09000008,croydon,2016-12-01,31479,7.68,#,39,382304,149000.0,8650,154559,1
E09000009,ealing,2016-12-01,29241,7.42,34468,51,343196,168000.0,5554,131249,1
E09000010,enfield,2016-12-01,28918,7.29,33076,37,331395,129000.0,8220,124471,1
E09000011,greenwich,2016-12-01,30180,7.28,33568,35,279766,96000.0,5044,108603,1
E09000012,hackney,2016-12-01,32404,7.26,39387,27,273526,143000.0,1905,107574,1
E09000013,hammersmith and fulham,2016-12-01,35000,7.47,40291,23,179654,157000.0,1715,85635,1
E09000014,haringey,2016-12-01,29753,7.56,32799,36,278451,92000.0,2960,106879,1
E09000015,harrow,2016-12-01,30134,7.64,34743,40,248752,93000.0,5046,89324,1
E09000016,havering,2016-12-01,28906,7.53,33025,37,252783,100000.0,11446,101273,1
E09000017,hillingdon,2016-12-01,33093,7.68,39729,43,302471,204000.0,11570,108171,1
E09000018,hounslow,2016-12-01,36235,7.96,47577,30,271139,197000.0,5659,99267,1
E09000019,islington,2016-12-01,39894,7.38,52885,32,232865,251000.0,1486,101783,1
E09000020,kensington and chelsea,2016-12-01,30008,7.52,35249,26,156726,153000.0,1238,86921,1
E09000021,kingston upon thames,2016-12-01,30729,7.69,34343,47,176107,99000.0,3726,66651,1
E09000022,lambeth,2016-12-01,34670,7.35,41335,29,327910,175000.0,2725,137610,1
E09000023,lewisham,2016-12-01,32217,7.18,34588,18,301867,84000.0,3532,124357,1
E09000024,merton,2016-12-01,28224,7.62,34199,36,205029,94000.0,3762,83215,1
E09000025,newham,2016-12-01,30743,7.61,36946,14,340978,125000.0,3857,110251,1
E09000026,redbridge,2016-12-01,28237,7.57,32190,27,299249,94000.0,5644,102707,1
E09000027,richmond upon thames,2016-12-01,33329,7.71,38572,42,195846,108000.0,5876,84294,1
E09000028,southwark,2016-12-01,37159,7.37,42583,34,313223,307000.0,2991,129740,1
E09000029,sutton,2016-12-01,28318,7.66,34818,37,202220,84000.0,4385,81628,1
E09000030,tower hamlets,2016-12-01,45975,7.75,64345,28,304854,303000.0,2158,113185,1
E09000031,waltham forest,2016-12-01,27455,7.67,30172,34,275843,86000.0,3881,101284,1
E09000032,wandsworth,2016-12-01,33405,7.64,37651,22,316096,146000.0,3522,141579,1
E09000033,westminster,2016-12-01,40000,7.68,53888,17,247614,765000.0,2203,122024,1
E12000001,north east,2016-12-01,25561,7.61,29574,36,2636848,1173000.0,,,0
E12000002,north west,2016-12-01,26220,7.59,31145,46,7219623,3726000.0,,,0
E12000003,yorkshire and the humber,2016-12-01,25946,7.69,29811,43,5425741,2735000.0,,,0
E12000004,east midlands,2016-12-01,25474,7.73,30085,46,4724437,2398000.0,,,0
E12000005,west midlands,2016-12-01,26352,7.67,31295,41,5800734,2882000.0,,,0
E12000006,east,2016-12-01,27892,,33026,49,6130542,3163000.0,,,0
E12000007,london,2016-12-01,36170,7.54,47924,33,8787892,5982000.0,159471,3484878,0
E12000008,south east,2016-12-01,29700,7.76,35879,46,9026297,4970000.0,,,0
E12000009,south west,2016-12-01,26372,7.76,31177,48,5515953,2943000.0,,,0
E13000001,inner london,2016-12-01,39653,,53688,,3529346,,32796,1476462,0
E13000002,outer london,2016-12-01,31018,,36862,,5258546,,126676,2008417,0
E92000001,england,2016-12-01,28496,7.68,35053,44,55268067,29972000.0,13303728,23732627,0
K02000001,united kingdom,2016-12-01,28195,,34447,,65648054,35175000.0,,,0
K03000001,great britain,2016-12-01,28279,,34588,,63785917,34293000.0,,,0
K04000001,england and wales,2016-12-01,28325,,34758,,58381217,31445000.0,,,0
N92000002,northern ireland,2016-12-01,25978,7.88,30189,,1862137,882000.0,,,0
S92000003,scotland,2016-12-01,27925,7.68,32872,,5404700,2849000.0,,,0
W92000004,wales,2016-12-01,25440,7.65,29150,,3113150,1472000.0,,,0
E09000001,city of london,2017-12-01,56295,nan,80655,29,7654,626000.0,315,6313,1
E09000002,barking and dagenham,2017-12-01,28553,7.66,32093,25,210711,66000.0,3780,74510,1
E09000003,barnet,2017-12-01,32143,7.63,36818,37,387803,176000.0,8675,148529,1
E09000004,bexley,2017-12-01,30733,7.42,33857,52,246124,91000.0,6429,97628,1
E09000005,brent,2017-12-01,30134,7.79,35840,37,329102,157000.0,4323,118013,1
E09000006,bromley,2017-12-01,29819,7.31,34354,50,329391,134000.0,15013,138422,1
E09000007,camden,2017-12-01,38147,7.31,44970,30,253361,398000.0,2179,103826,1
E09000008,croydon,2017-12-01,32109,7.49,35839,38,384837,155000.0,8650,157394,1
E09000009,ealing,2017-12-01,30259,7.55,36039,49,342736,168000.0,5554,132094,1
E09000010,enfield,2017-12-01,29134,7.34,34096,36,332705,126000.0,8220,125369,1
E09000011,greenwich,2017-12-01,32635,7.47,35702,35,282849,102000.0,5044,110983,1
E09000012,hackney,2017-12-01,33618,7.34,42457,27,275929,139000.0,1905,108770,1
E09000013,hammersmith and fulham,2017-12-01,36972,7.34,45218,24,182998,159000.0,1715,86609,1
E09000014,haringey,2017-12-01,31442,7.6,35729,33,271224,92000.0,2960,107620,1
E09000015,harrow,2017-12-01,31255,7.79,39293,41,248880,97000.0,5046,89980,1
E09000016,havering,2017-12-01,29134,7.58,33432,37,256039,103000.0,11446,101716,1
E09000017,hillingdon,2017-12-01,33596,7.55,41156,40,302343,216000.0,11570,108935,1
E09000018,hounslow,2017-12-01,34119,7.34,42932,30,269100,186000.0,5659,99824,1
E09000019,islington,2017-12-01,39348,7.38,52752,29,235000,247000.0,1486,102457,1
E09000020,kensington and chelsea,2017-12-01,31678,7.31,38625,26,155741,166000.0,1238,87276,1
E09000021,kingston upon thames,2017-12-01,31308,7.6,36139,48,174609,100000.0,3726,66924,1
E09000022,lambeth,2017-12-01,35036,7.42,40458,30,324048,188000.0,2725,138745,1
E09000023,lewisham,2017-12-01,33294,7.31,35454,22,301307,88000.0,3532,125961,1
E09000024,merton,2017-12-01,29627,7.55,35907,37,206052,104000.0,3762,83649,1
E09000025,newham,2017-12-01,30770,7.47,38661,14,347996,125000.0,3857,112628,1
E09000026,redbridge,2017-12-01,29189,7.55,32792,24,301785,97000.0,5644,103462,1
E09000027,richmond upon thames,2017-12-01,32141,7.73,39407,42,195680,106000.0,5876,84759,1
E09000028,southwark,2017-12-01,37601,7.47,44008,35,314232,317000.0,2991,132152,1
E09000029,sutton,2017-12-01,27945,7.91,35113,50,203243,85000.0,4385,82281,1
E09000030,tower hamlets,2017-12-01,49369,7.51,75103,26,307964,317000.0,2158,118012,1
E09000031,waltham forest,2017-12-01,28284,7.73,31049,32,275505,88000.0,3881,102317,1
E09000032,wandsworth,2017-12-01,33137,7.64,40076,22,323257,151000.0,3522,143915,1
E09000033,westminster,2017-12-01,42152,7.57,59878,19,244796,754000.0,2203,123366,1
E12000001,north east,2017-12-01,25904,7.66,30415,35,2644727,1208000.0,,,0
E12000002,north west,2017-12-01,26754,7.68,31733,45,7258627,3778000.0,,,0
E12000003,yorkshire and the humber,2017-12-01,26309,7.66,30484,42,,2759000.0,,,0
E12000004,east midlands,2017-12-01,25882,7.72,30566,44,4771666,2389000.0,,,0
E12000005,west midlands,2017-12-01,26837,7.67,31930,40,5860706,2990000.0,,,0
E12000006,east,2017-12-01,28456,,33887,49,6168432,3218000.0,,,0
E12000007,london,2017-12-01,37171,7.52,50285,33,8825001,6125000.0,159471,3524438,0
E12000008,south east,2017-12-01,30236,7.76,36442,47,9080825,4897000.0,,,0
E12000009,south west,2017-12-01,27119,7.76,31645,49,5559316,2993000.0,,,0
E13000001,inner london,2017-12-01,40675,,56859,,3545507,,32796,1497650,0
E13000002,outer london,2017-12-01,31298,,36752,,5279494,,126676,2026789,0
E92000001,england,2017-12-01,29083,7.68,36076,43,55619430,30359000.0,13303728,23949972,0
K02000001,united kingdom,2017-12-01,28759,,35398,,66040229,35547000.0,,,0
K03000001,great britain,2017-12-01,28869,,35564,,64169395,34656000.0,,,0
K04000001,england and wales,2017-12-01,28939,,35779,,58744595,31823000.0,,,0
N92000002,northern ireland,2017-12-01,25935,7.92,30254,,1870834,891000.0,,,0
S92000003,scotland,2017-12-01,28335,7.71,33383,,5424800,2833000.0,,,0
W92000004,wales,2017-12-01,26026,7.69,29976,,3125165,1464000.0,,,0
E09000001,city of london,2018-12-01,61203,nan,90028,30,8706,640000.0,315,6451,1
E09000002,barking and dagenham,2018-12-01,29995,7.52,32671,24,211998,66000.0,3780,74923,1
E09000003,barnet,2018-12-01,29927,7.55,36776,35,392140,170000.0,8675,150737,1
E09000004,bexley,2018-12-01,,7.54,34496,54,247258,87000.0,6429,97905,1
E09000005,brent,2018-12-01,30366,7.71,35830,37,330795,157000.0,4323,118707,1
E09000006,bromley,2018-12-01,30762,7.57,35201,50,331096,127000.0,15013,138976,1
E09000007,camden,2018-12-01,39198,7.48,46502,31,262226,403000.0,2179,104771,1
E09000008,croydon,2018-12-01,33804,7.69,36880,47,385346,149000.0,8650,159470,1
E09000009,ealing,2018-12-01,29928,7.53,36304,53,341982,148000.0,5554,133551,1
E09000010,enfield,2018-12-01,29238,7.37,37030,33,333869,133000.0,8220,125755,1
E09000011,greenwich,2018-12-01,33163,7.54,36288,33,286186,106000.0,5044,112884,1
E09000012,hackney,2018-12-01,35286,7.5,40439,28,279665,152000.0,1905,110037,1
E09000013,hammersmith and fulham,2018-12-01,40972,7.72,44781,24,185426,155000.0,1715,88140,1
E09000014,haringey,2018-12-01,29801,7.35,34178,29,270624,91000.0,2960,108820,1
E09000015,harrow,2018-12-01,30553,7.65,35325,40,250149,91000.0,5046,90680,1
E09000016,havering,2018-12-01,30181,7.68,34484,37,257810,108000.0,11446,101993,1
E09000017,hillingdon,2018-12-01,31886,7.76,39670,37,304824,209000.0,11570,109777,1
E09000018,hounslow,2018-12-01,35935,7.85,46102,31,270782,178000.0,5659,100735,1
E09000019,islington,2018-12-01,40000,7.51,53489,29,239142,255000.0,1486,102824,1
E09000020,kensington and chelsea,2018-12-01,32976,7.23,42099,27,156197,164000.0,1238,87611,1
E09000021,kingston upon thames,2018-12-01,,7.78,36282,49,175470,96000.0,3726,67141,1
E09000022,lambeth,2018-12-01,36200,7.22,44814,30,325917,180000.0,2725,140288,1
E09000023,lewisham,2018-12-01,29966,7.49,33493,28,303536,84000.0,3532,126487,1
E09000024,merton,2018-12-01,31182,7.84,#,39,206186,108000.0,3762,84297,1
E09000025,newham,2018-12-01,30392,7.54,37849,17,352005,139000.0,3857,114474,1
E09000026,redbridge,2018-12-01,,7.54,31990,25,303858,92000.0,5644,103924,1
E09000027,richmond upon thames,2018-12-01,34027,7.7,40427,43,196904,111000.0,5876,85141,1
E09000028,southwark,2018-12-01,39998,7.34,48333,35,317256,329000.0,2991,132970,1
E09000029,sutton,2018-12-01,28853,7.88,32442,49,204525,78000.0,4385,82978,1
E09000030,tower hamlets,2018-12-01,49237,7.82,69806,23,317705,333000.0,2158,120015,1
E09000031,waltham forest,2018-12-01,30298,7.46,32875,32,276700,88000.0,3881,103029,1
E09000032,wandsworth,2018-12-01,34501,7.65,45317,23,326474,147000.0,3522,146162,1
E09000033,westminster,2018-12-01,43015,7.66,63792,22,255324,775000.0,2203,124509,1
E12000001,north east,2018-12-01,26355,7.67,31093,35,2657909,1206000.0,,,0
E12000002,north west,2018-12-01,27376,7.69,32710,45,7292093,3814000.0,,,0
E12000003,yorkshire and the humber,2018-12-01,26892,7.7,31719,43,,2773000.0,,,0
E12000004,east midlands,2018-12-01,26711,7.76,31553,44,4804149,2387000.0,,,0
E12000005,west midlands,2018-12-01,27682,7.7,33067,40,5900757,2960000.0,,,0
E12000006,east,2018-12-01,29153,,34939,49,6201214,3257000.0,,,0
E12000007,london,2018-12-01,38146,7.58,52629,33,8908081,6148000.0,159471,3556161,0
E12000008,south east,2018-12-01,30849,7.79,37020,47,9133625,4937000.0,,,0
E12000009,south west,2018-12-01,27956,7.77,32848,50,5599735,3011000.0,,,0
E13000001,inner london,2018-12-01,42153,,59567,,3600203,,32796,1513559,0
E13000002,outer london,2018-12-01,31031,,37173,,5307878,,126676,2042603,0
E92000001,england,2018-12-01,29856,7.71,37313,44,55977178,30493000.0,13303728,24172166,0
K02000001,united kingdom,2018-12-01,29559,,36593,,66435550,35750000.0,,,0
K03000001,great britain,2018-12-01,29633,,36757,,64553909,34850000.0,,,0
K04000001,england and wales,2018-12-01,29667,,36973,,59115809,31989000.0,,,0
N92000002,northern ireland,2018-12-01,27101,7.89,31158,,1881641,900000.0,,,0
S92000003,scotland,2018-12-01,29289,7.69,34604,,5438100,2861000.0,,,0
W92000004,wales,2018-12-01,26353,7.68,30347,,3138631,1496000.0,,,0
E09000001,city of london,2019-12-01,61636,,88342,,,,,,1
E09000002,barking and dagenham,2019-12-01,28738,,32010,,,,,,1
E09000003,barnet,2019-12-01,31624,,37328,,,,,,1
E09000004,bexley,2019-12-01,31642,,33978,,,,,,1
E09000005,brent,2019-12-01,31739,,36816,,,,,,1
E09000006,bromley,2019-12-01,,,37564,,,,,,1
E09000007,camden,2019-12-01,40196,,49115,,,,,,1
E09000008,croydon,2019-12-01,35237,,38363,,,,,,1
E09000009,ealing,2019-12-01,31021,,36420,,,,,,1
E09000010,enfield,2019-12-01,28258,,36320,,,,,,1
E09000011,greenwich,2019-12-01,33081,,36425,,,,,,1
E09000012,hackney,2019-12-01,35020,,42067,,,,,,1
E09000013,hammersmith and fulham,2019-12-01,37990,,48362,,,,,,1
E09000014,haringey,2019-12-01,30452,,35251,,,,,,1
E09000015,harrow,2019-12-01,32809,,37172,,,,,,1
E09000016,havering,2019-12-01,32321,,37161,,,,,,1
E09000017,hillingdon,2019-12-01,35231,,41686,,,,,,1
E09000018,hounslow,2019-12-01,36487,,50418,,,,,,1
E09000019,islington,2019-12-01,41076,,53466,,,,,,1
E09000020,kensington and chelsea,2019-12-01,33000,,41741,,,,,,1
E09000021,kingston upon thames,2019-12-01,32138,,37666,,,,,,1
E09000022,lambeth,2019-12-01,36825,,48004,,,,,,1
E09000023,lewisham,2019-12-01,32334,,36036,,,,,,1
E09000024,merton,2019-12-01,31699,,#,,,,,,1
E09000025,newham,2019-12-01,33944,,41592,,,,,,1
E09000026,redbridge,2019-12-01,29108,,34096,,,,,,1
E09000027,richmond upon thames,2019-12-01,35191,,42092,,,,,,1
E09000028,southwark,2019-12-01,40303,,47811,,,,,,1
E09000029,sutton,2019-12-01,32947,,37392,,,,,,1
E09000030,tower hamlets,2019-12-01,46142,,69434,,,,,,1
E09000031,waltham forest,2019-12-01,30718,,33119,,,,,,1
E09000032,wandsworth,2019-12-01,34168,,39617,,,,,,1
E09000033,westminster,2019-12-01,43556,,60010,,,,,,1
E12000001,north east,2019-12-01,27187,,31852,,,,,,0
E12000002,north west,2019-12-01,28137,,33479,,,,,,0
E12000003,yorkshire and the humber,2019-12-01,27835,,32653,,,,,,0
E12000004,east midlands,2019-12-01,28000,,32639,,,,,,0
E12000005,west midlands,2019-12-01,28536,,34247,,,,,,0
E12000006,east,2019-12-01,30345,,36143,,,,,,0
E12000007,london,2019-12-01,38992,,53100,,,,,,0
E12000008,south east,2019-12-01,32120,,38715,,,,,,0
E12000009,south west,2019-12-01,28654,,33543,,,,,,0
E13000001,inner london,2019-12-01,nan,,59987,,,,,,0
E13000002,outer london,2019-12-01,nan,,38614,,,,,,0
E92000001,england,2019-12-01,30667,,38206,,,,,,0
K02000001,united kingdom,2019-12-01,30353,,37428,,,,,,0
K03000001,great britain,2019-12-01,30446,,37603,,,,,,0
K04000001,england and wales,2019-12-01,30500,,37865,,,,,,0
N92000002,northern ireland,2019-12-01,27434,,32083,,,,,,0
S92000003,scotland,2019-12-01,30000,,34916,,,,,,0
W92000004,wales,2019-12-01,27500,,31251,,,,,,0
